Especie,L_vmt,P_vmt,L_vmtr,P_vmtr,L_fib,P_fib,A_r_m,An_r_m,A_r_u,An_r_u,Lu_ punt,LV,LF,A_crec,Fib,Apo,Para,S_cristal,Rad,Crist
F.angustifolia,29.512612,5.1277837,15.436673,3.8458378,11.896186,1.4426245,387.90554,41.774887,188.43973,26.109305,1.5345218,301.71517,745.03486,FVP,L,Difuso,ME,NO,UBT,N
F.angustifolia,41.02227,5.2855985,15.436673,5.1277837,8.4118741,2.0401791,428.98787,39.510547,191.24063,26.109305,1.5345218,254.1003,638.48369,FVP,L,Difuso,ME,NO,UBT,N
F.angustifolia,42.304216,6.4097297,16.665297,2.8665182,8.6797574,0.91239585,373.39957,34.341428,120.21627,23.642981,2.3159477,329.22059,776.47861,FVP,L,Difuso,ME,NO,UBT,N
F.angustifolia,26.95137,5.1277837,19.271873,1.8129453,10.200896,2.7371875,237.59467,29.19109,300.98265,26.109305,2.0619518,271.8504,599.88429,FVP,L,Difuso,ME,NO,UBT,N
F.angustifolia,32.048648,8.107738,21.793081,2.8665182,13.424937,1.8247917,229.77671,28.720235,126.65031,18.462066,1.7902755,303.91853,631.50264,FVP,L,Difuso,ME,NO,UBT,N
F.angustifolia,42.323635,5.1277837,15.436673,2.8665182,7.2991668,2.0401791,273.33836,42.502869,337.30554,28.83867,2.0619518,337.27849,514.7945,FVP,L,Difuso,ME,NO,UBT,N
F.angustifolia,37.198528,6.9034901,19.229189,2.8665182,8.2115626,2.0401791,304.4842,29.769187,128.04212,21.049994,1.8084513,219.30644,924.41875,FVP,L,Difuso,ME,NO,UBT,N
F.angustifolia,43.586162,7.7977727,24.390685,2.5638919,6.9784863,1.2903226,185.43121,39.939556,141.08691,18.276513,1.7902755,462.73172,567.31541,FVP,L,Difuso,ME,NO,UBT,N
F.angustifolia,28.202811,6.4097297,10.255567,2.8665182,10.94875,2.3261621,231.24061,48.776206,165.00585,21.049994,2.0460291,409.0504,634.31087,FVP,L,Difuso,ME,NO,UBT,N
F.angustifolia,25.638919,4.053869,16.71453,2.5638919,10.200896,1.4426245,273.98602,42.502869,188.00512,28.720235,1.8084513,459.79812,637.63164,FVP,L,Difuso,ME,NO,UBT,N
F.angustifolia,34.61254,7.4749651,21.830753,5.1277837,10.94875,0.91239585,369.0659,36.646155,204.25421,27.258914,1.8084513,492.94063,576.81884,FVP,L,Difuso,ME,NO,UBT,N
F.angustifolia,36.462292,4.053869,23.110609,4.053869,11.861146,1.8247917,209.282,34.341428,122.82478,24.071589,2.0460291,408.01584,760.78176,FVP,L,Difuso,ME,NO,UBT,N
F.angustifolia,44.259636,6.5366673,16.71453,2.5638919,13.807055,2.3261621,287.96089,41.856399,271.58697,23.642981,2.5188812,415.4006,620.04139,FVP,L,Difuso,ME,NO,UBT,N
F.angustifolia,39.740324,2.8665182,20.551157,3.8458378,11.414068,1.8247917,304.4842,55.386199,209.46107,26.109305,1.0544993,411.74133,672.61343,FVP,L,Difuso,ME,NO,UBT,N
F.angustifolia,37.176432,4.053869,17.992969,1.8129453,11.48677,1.8247917,263.29004,36.646155,185.37606,21.049994,1.7902755,370.3658,879.87042,FVP,L,Difuso,ME,NO,UBT,N
F.angustifolia,38.479738,5.438836,23.110609,1.2819459,12.72457,1.4426245,225.08583,44.462544,185.37606,18.462066,1.2787682,307.03699,744.44525,FVP,L,Difuso,ME,NO,UBT,N
F.angustifolia,34.61254,2.8665182,20.511135,3.8458378,11.48677,1.8247917,190.16825,42.502869,274.45835,28.83867,1.5345218,462.08306,561.57339,FVP,L,Difuso,ME,NO,UBT,N
F.angustifolia,26.920865,2.8665182,21.793081,2.8665182,12.325789,2.7371875,258.85107,40.532541,203.66931,31.331166,1.7156476,427.62705,761.27633,FVP,L,Difuso,ME,NO,UBT,N
F.angustifolia,25.670947,5.2855985,12.883397,2.5638919,10.94875,1.8247917,191.04448,42.099989,117.75267,23.498374,1.8619146,413.56677,596.2131,FVP,L,Difuso,ME,NO,UBT,N
F.angustifolia,28.202811,3.8458378,19.610002,2.5638919,9.6774194,2.0401791,213.7936,42.502869,363.25728,23.498374,1.5556887,322.57409,709.14426,FVP,L,Difuso,ME,NO,UBT,N
F.angustifolia,28.202811,2.8665182,11.537513,2.5638919,13.237603,2.0401791,230.48764,42.099989,260.37405,23.642981,1.5556887,315.48635,752.74117,FVP,L,Difuso,ME,NO,UBT,N
F.angustifolia,29.512612,2.5638919,16.665297,2.5638919,12.000694,1.8247917,245.55242,34.042368,206.28003,20.887444,1.8619146,327.61683,634.27791,FVP,L,Difuso,ME,NO,UBT,N
F.angustifolia,28.319111,1.8129453,20.511135,2.8665182,12.806086,1.8247917,223.45965,39.768508,172.8152,19.007861,1.5556887,465.6322,785.28837,FVP,L,Difuso,ME,NO,UBT,N
F.angustifolia,24.356973,3.8458378,15.383351,5.2855985,11.896186,2.885249,550.30586,39.939556,198.58525,18.462066,1.5345218,347.55869,688.52857,FVP,L,Difuso,ME,NO,UBT,N
F.angustifolia,37.198528,2.8665182,12.819459,3.8458378,11.414068,2.0401791,290.76436,47.069218,224.29701,19.007861,2.5575364,443.92729,714.81245,FVP,L,Difuso,ME,NO,UBT,N
F.angustifolia,53.811198,6.5366673,21.219981,3.8458378,12.675408,3.2258065,115.48903,39.822944,155.74984,19.271873,3.2045839,417.83046,582.91299,FVP,L,Difuso,ME,NO,UBT,N
F.angustifolia,59.854658,5.2855985,19.057496,6.4097297,6.4837907,2.3261621,165.37599,51.421854,83.680733,20.511135,2.9160401,433.77606,706.42632,FVP,L,Difuso,ME,NO,UBT,N
F.angustifolia,62.513762,5.1277837,11.466073,4.6221218,12.325789,2.6600681,155.30604,42.304216,134.89093,16.861366,2.0619518,375.87425,686.85624,FVP,L,Difuso,ME,NO,UBT,N
F.angustifolia,38.244124,4.053869,20.868568,5.438836,12.854748,2.6600681,148.71125,47.431999,75.905923,16.71453,2.1089985,433.77606,563.95137,FVP,L,Difuso,ME,NO,UBT,N
F.angustifolia,34.206584,4.053869,29.59602,5.7330365,13.04758,2.7371875,131.16005,32.278574,75.732522,29.512612,2.8594126,375.87425,645.1624,FVP,L,Difuso,ME,NO,UBT,N
F.angustifolia,39.324619,5.7330365,23.075027,3.8458378,10.4229,2.6600681,154.73358,28.463819,137.06634,28.319111,1.9477617,236.79939,641.81545,FVP,L,Difuso,ME,NO,UBT,N
F.angustifolia,43.811803,6.5366673,21.830753,5.2855985,12.967581,2.5806452,127.55845,43.661505,100.81019,25.925752,1.8619146,265.47426,729.49269,FVP,L,Difuso,ME,NO,UBT,N
F.angustifolia,45.468437,6.9034901,18.129453,5.1277837,13.685938,1.9354839,137.24008,33.941319,105.71197,19.057496,1.8084513,360.31786,700.09319,FVP,L,Difuso,ME,NO,UBT,N
F.angustifolia,50.567852,8.5995547,18.354672,4.6221218,14.208204,2.6600681,116.28317,35.985937,195.68055,28.202811,2.0460291,350.24349,487.93575,FVP,L,Difuso,ME,NO,UBT,N
F.angustifolia,36.910249,9.0647266,13.198441,2.5638919,16.749361,2.7371875,117.50627,34.8727,133.82067,18.129453,1.6376223,267.67817,931.87576,FVP,L,Difuso,ME,NO,UBT,N
F.angustifolia,46.221218,6.4097297,12.819459,3.8458378,17.21505,1.9354839,177.87664,29.734514,67.955227,12.819459,2.5188812,321.6867,548.88189,FVP,L,Difuso,ME,NO,UBT,N
F.angustifolia,41.042295,7.7977727,17.809362,3.8458378,12.72457,2.3261621,128.41234,34.61254,146.34411,21.94338,3.3346195,344.54071,603.94875,FVP,L,Difuso,ME,NO,UBT,N
F.angustifolia,41.042295,6.9034901,16.215476,1.8129453,13.471363,3.2258065,153.96699,32.048648,116.76269,16.71453,2.9825743,285.61801,753.51857,FVP,L,Difuso,ME,NO,UBT,N
F.angustifolia,42.997774,8.107738,9.3327073,2.8665182,9.5256923,2.5806452,145.22247,38.798724,182.48715,19.271873,2.357932,198.01812,857.63062,FVP,L,Difuso,ME,NO,UBT,N
F.angustifolia,38.565059,4.6221218,12.161607,2.8665182,13.956973,1.2903226,195.2644,29.734514,125.63724,27.042679,2.3159477,202.54746,602.80514,FVP,L,Difuso,ME,NO,UBT,N
F.angustifolia,46.469435,5.7330365,15.856795,1.2819459,13.563739,3.28969,129.1143,42.304216,152.74535,24.390685,2.7663986,350.21523,644.25427,FVP,L,Difuso,ME,NO,UBT,N
F.angustifolia,49.066889,5.438836,12.883397,3.8458378,11.630811,1.8247917,131.38539,34.636272,114.44554,18.129453,2.8594126,319.36707,651.13073,FVP,L,Difuso,ME,NO,UBT,N
F.angustifolia,48.460269,6.9034901,18.354672,3.6258906,11.024521,1.4426245,108.17072,37.374825,129.48289,16.71453,2.5702923,301.43529,706.18948,FVP,L,Difuso,ME,NO,UBT,N
F.angustifolia,43.849297,4.6221218,11.466073,5.2855985,10.098372,1.9354839,123.65962,32.683337,107.02521,17.992969,3.3247973,389.1688,721.8858,FVP,L,Difuso,ME,NO,UBT,N
F.angustifolia,33.256554,5.1277837,19.057496,8.2084591,11.267258,1.2903226,115.69518,35.756871,146.14746,21.94338,2.5575364,240.67341,819.75953,FVP,L,Difuso,ME,NO,UBT,N
F.angustifolia,44.84979,6.4097297,14.94993,1.8129453,13.609692,1.9354839,118.50202,32.278574,120.50292,21.830753,3.4786256,422.69666,650.35955,FVP,L,Difuso,ME,NO,UBT,N
F.angustifolia,37.85541,5.438836,12.625703,3.8458378,11.630811,2.5806452,270.96104,34.517451,170.67222,20.511135,2.81329,415.17078,641.81545,FVP,L,Difuso,ME,NO,UBT,N
F.angustifolia,44.776446,3.8458378,18.354672,2.5638919,7.3559705,1.9354839,113.68916,30.793398,170.07901,20.670757,3.6618348,316.56926,727.77083,FVP,L,Difuso,ME,NO,UBT,N
F.angustifolia,50.502813,3.8458378,11.818958,2.5638919,11.099775,2.3261621,122.7526,30.766702,188.62474,19.229189,1.8084513,491.69443,558.17475,FVP,L,Difuso,ME,NO,UBT,N
F.angustifolia,47.031869,3.8458378,12.883397,2.5638919,9.2373039,2.7371875,150.0753,32.048648,137.12028,26.146669,2.754551,450.80722,804.64734,FVP,L,Difuso,ME,NO,UBT,N
F.angustifolia,61.120315,2.6109305,17.947243,3.8458378,10.402913,2.5806452,206.52774,21.049994,152.53287,18.276513,1.6376223,455.98427,1190.7591,FVP,L,Difuso,ME,NO,UBT,N
F.angustifolia,56.241163,5.2218609,12.883397,3.8458378,10.986701,3.2258065,266.32771,23.642981,110.43341,15.88167,1.617528,536.41713,830.37839,FVP,L,Difuso,ME,NO,UBT,N
F.angustifolia,57.262175,3.6924133,21.793081,2.8665182,9.86907,2.5806452,143.98045,21.049994,114.99956,10.765142,1.8084513,502.12829,717.7026,FVP,L,Difuso,ME,NO,UBT,N
F.angustifolia,74.308384,7.3848265,24.491543,4.053869,12.967581,3.7619044,178.23306,18.276513,100.88468,11.676436,1.8619146,566.90983,846.63742,FVP,L,Difuso,ME,NO,UBT,N
F.angustifolia,79.279475,5.2218609,30.820071,5.1277837,11.684368,3.7619044,278.24484,18.462066,101.82629,18.276513,1.8084513,349.7575,875.22401,FVP,L,Difuso,ME,NO,UBT,N
F.angustifolia,63.52668,5.2218609,27.998122,3.8458378,11.432287,1.9354839,167.4256,21.049994,130.54652,11.07724,2.357932,318.54422,911.11313,FVP,L,Difuso,ME,NO,UBT,N
F.angustifolia,46.265806,5.2218609,16.062736,5.1277837,10.640273,3.2258065,201.31273,26.109305,125.4334,15.665583,2.357932,314.10481,1042.947,FVP,L,Difuso,ME,NO,UBT,N
F.angustifolia,52.479053,7.8327914,24.390685,3.8458378,9.3936902,3.6495834,232.37281,39.163957,107.84123,13.054652,1.4912872,272.96401,935.01189,FVP,L,Difuso,ME,NO,UBT,N
F.angustifolia,80.431915,5.838218,25.638919,2.8665182,7.2131225,2.5806452,164.50934,15.665583,104.43722,18.276513,1.8442657,335.35976,835.52461,FVP,L,Difuso,ME,NO,UBT,N
F.angustifolia,76.12105,5.2218609,18.129453,1.2819459,10.200896,2.5806452,256.94793,21.049994,208.87444,18.276513,1.617528,355.55658,764.53792,FVP,L,Difuso,ME,NO,UBT,N
F.angustifolia,65.325459,5.2218609,14.332591,1.2819459,10.581432,3.2258065,156.74283,18.276513,111.63064,10.765142,1.5556887,344.65271,702.03189,FVP,L,Difuso,ME,NO,UBT,N
F.angustifolia,56.362242,5.2218609,17.103292,2.5638919,10.581432,4.0803583,203.66931,20.887444,127.96223,18.462066,2.2875301,387.48354,623.30399,FVP,L,Difuso,ME,NO,UBT,N
F.angustifolia,49.67634,5.2218609,26.146669,2.5638919,9.6774194,3.4742999,127.93559,28.720235,177.54327,13.313185,2.412775,267.82089,844.65929,FVP,L,Difuso,ME,NO,UBT,N
F.angustifolia,45.071648,5.2218609,20.551157,2.5638919,13.563739,4.0803583,172.34119,33.942096,104.46985,19.007861,1.6376223,245.71894,856.0688,FVP,L,Difuso,ME,NO,UBT,N
F.angustifolia,67.380219,7.8327914,20.71047,2.5638919,7.5238089,3.2258065,193.20885,18.462066,146.23542,10.443722,2.0619518,305.65734,897.30741,FVP,L,Difuso,ME,NO,UBT,N
F.angustifolia,60.108133,5.2218609,21.905902,3.8458378,9.7630619,3.28969,204.07057,31.331166,204.25421,19.007861,1.7156476,277.06635,644.1569,FVP,L,Difuso,ME,NO,UBT,N
F.angustifolia,52.479053,2.6109305,17.43635,4.6221218,10.342722,4.516129,220.31055,28.720235,167.18112,18.276513,2.2875301,316.99965,785.68767,FVP,L,Difuso,ME,NO,UBT,N
F.angustifolia,57.677339,5.2218609,14.616432,2.5638919,9.86907,2.5806452,151.52397,26.626371,112.27001,18.276513,1.8442657,377.07827,768.57504,FVP,L,Difuso,ME,NO,UBT,N
F.angustifolia,47.069218,5.2218609,22.388223,2.5638919,9.7630619,3.2258065,214.49394,26.239526,157.19883,15.88167,2.5575364,378.95897,1341.8964,FVP,L,Difuso,ME,NO,UBT,N
F.angustifolia,57.499779,3.6924133,14.332591,4.053869,10.015597,2.5806452,167.28303,20.887444,94.895739,13.313185,1.617528,285.11791,628.38245,FVP,L,Difuso,ME,NO,UBT,N
F.angustifolia,49.607679,3.6924133,15.489812,5.2855985,9.0322581,3.8709677,203.71951,18.276513,83.916134,13.313185,1.9974998,310.97486,870.02421,FVP,L,Difuso,ME,NO,UBT,N
F.angustifolia,41.856399,5.2218609,19.399362,2.5638919,10.342722,3.2258065,151.43397,26.109305,92.715607,10.765142,2.1701416,210.0623,897.42392,FVP,L,Difuso,ME,NO,UBT,N
F.angustifolia,52.022421,5.2218609,18.354672,2.5638919,9.5910121,4.6523242,156.65583,20.887444,94.319298,15.88167,2.412775,436.30671,959.71028,FVP,L,Difuso,ME,NO,UBT,N
F.angustifolia,59.538375,5.2218609,17.947243,2.8665182,9.1239585,1.9354839,245.92692,26.109305,143.69609,19.007861,2.2875301,534.02305,840.41543,FVP,L,Difuso,ME,NO,UBT,N
F.angustifolia,50.22225,7.8327914,20.511135,2.5638919,9.0322581,2.5806452,164.81983,31.331166,154.06702,15.665583,1.9974998,527.10412,800.73987,FVP,L,Difuso,ME,NO,UBT,N
F.durangensis,54.82954,8.2564871,14.101405,2.5638919,12.967581,1.9354839,191.50779,26.239526,143.98045,20.887444,1.143765,307.65802,726.41919,FVP,L,Difuso,MA,NO,UBT,N
F.durangensis,71.264533,8.2564871,15.004792,3.8458378,10.502465,1.2903226,138.77286,26.626371,223.26127,22.3078,1.2787682,225.50944,811.0664,FVP,L,Difuso,MA,NO,UBT,N
F.durangensis,65.42973,5.838218,11.537513,4.053869,11.414068,2.0401791,220.21771,26.626371,146.97938,26.626371,1.0544993,252.00551,1050.2991,FVP,L,Difuso,MA,NO,UBT,N
F.durangensis,50.6951,5.2218609,20.551157,4.053869,9.6989009,1.9354839,223.16965,31.439766,116.44282,22.3078,0.80876402,370.76132,621.96066,FVP,L,Difuso,MA,NO,UBT,N
F.durangensis,48.001372,7.8327914,15.383351,3.8458378,9.86907,1.9354839,185.89018,21.049994,183.43529,21.049994,1.0544993,612.20613,745.03486,FVP,L,Difuso,MA,NO,UBT,N
F.durangensis,48.776206,8.2564871,14.159556,2.8665182,11.137211,3.2258065,266.78804,39.939556,247.59827,26.109305,1.8084513,174.11827,751.7683,FVP,L,Difuso,MA,NO,UBT,N
F.durangensis,61.896125,2.6109305,27.042679,4.053869,11.043382,2.885249,410.63886,31.76334,172.57836,18.462066,1.0544993,416.45773,909.25228,FVP,L,Difuso,MA,NO,UBT,N
F.durangensis,60.89684,3.6924133,21.830753,1.2819459,11.612903,1.9354839,275.64799,34.341428,196.63617,23.642981,1.6376223,402.56619,620.04139,FVP,L,Difuso,MA,NO,UBT,N
F.durangensis,55.996244,5.2855985,14.101405,2.5638919,8.4857719,1.9354839,294.69992,28.83867,120.35795,24.071589,1.0544993,534.47602,809.62138,FVP,L,Difuso,MA,NO,UBT,N
F.durangensis,52.309049,6.5366673,14.159556,5.1277837,13.563739,1.4426245,358.18312,31.331166,188.94552,23.498374,1.3040928,492.11018,746.60489,FVP,L,Difuso,MA,NO,UBT,N
F.durangensis,59.025223,7.7977727,8.9736215,4.053869,9.6989009,2.5806452,256.3503,28.720235,192.04099,29.19109,1.143765,376.13713,737.36145,FVP,L,Difuso,MA,NO,UBT,N
F.durangensis,55.84931,5.1277837,12.819459,1.8129453,9.6774194,3.2258065,203.66931,29.19109,215.11278,26.239526,1.5556887,297.52008,885.76811,FVP,L,Difuso,MA,NO,UBT,N
F.durangensis,43.245492,5.2855985,9.3327073,2.5638919,11.630811,3.6495834,145.32355,40.532541,180.75862,23.642981,1.2787682,231.0194,663.56827,FVP,L,Difuso,MA,NO,UBT,N
F.durangensis,51.676893,7.4749651,11.537513,2.8665182,10.342722,3.2258065,228.393,39.250891,167.44595,21.049994,1.3040928,428.58247,877.41923,FVP,L,Difuso,MA,NO,UBT,N
F.durangensis,47.44932,5.2855985,14.101405,2.8665182,16.971544,1.9354839,369.24133,39.510547,388.47627,24.071589,2.7186985,363.25728,758.85538,FVP,L,Difuso,MA,NO,UBT,N
F.durangensis,47.501243,6.4097297,13.383908,4.053869,9.86907,2.0401791,234.00988,34.834157,134.25363,22.3078,2.200076,311.3757,713.14311,FVP,L,Difuso,MA,NO,UBT,N
F.durangensis,49.317445,5.1277837,17.947243,3.8458378,11.612903,3.2258065,219.76839,21.049994,215.68245,21.049994,2.357932,559.61687,764.75669,FVP,L,Difuso,MA,NO,UBT,N
F.durangensis,39.760995,5.1277837,17.992969,2.5638919,9.2373039,2.0401791,254.54898,31.439766,210.83971,24.071589,1.5345218,138.54304,1107.6621,FVP,L,Difuso,MA,NO,UBT,N
F.durangensis,47.86313,7.7977727,12.161607,3.6258906,11.684368,1.9354839,181.26703,29.19109,253.30063,26.239526,1.2787682,138.97948,685.51544,FVP,L,Difuso,MA,NO,UBT,N
F.durangensis,58.381343,5.1277837,14.616432,4.053869,11.896186,3.28969,152.06289,31.439766,235.69342,23.498374,1.0544993,278.62793,697.01006,FVP,L,Difuso,MA,NO,UBT,N
F.durangensis,53.535634,7.6916756,14.332591,4.053869,7.2131225,1.9354839,198.73966,23.642981,155.12531,21.530284,1.6376223,506.07619,650.87377,FVP,L,Difuso,MA,NO,UBT,N
F.durangensis,45.52262,3.8458378,11.608514,3.8458378,10.015597,2.6600681,271.3861,31.76334,213.53836,24.071589,1.8084513,314.37225,692.22369,FVP,L,Difuso,MA,NO,UBT,N
F.durangensis,44.868108,4.6221218,19.901153,4.053869,9.7630619,1.9354839,232.50479,44.691931,241.62042,23.642981,2.200076,497.48332,696.49988,FVP,L,Difuso,MA,NO,UBT,N
F.durangensis,52.559783,6.5366673,18.354672,2.5638919,10.640273,1.9354839,326.71077,34.341428,228.10927,26.109305,1.5345218,450.14894,727.77083,FVP,L,Difuso,MA,NO,UBT,N
F.durangensis,40.069783,6.5366673,17.199109,3.6258906,9.2373039,2.5806452,214.68454,21.530284,258.11263,26.239526,1.4912872,434.54543,584.77534,FVP,L,Difuso,MA,NO,UBT,N
F.durangensis,37.963785,4.053869,10.335379,2.5638919,6.3541018,2.0401791,219.19379,37.382835,194.86009,27.258914,2.7663986,457.7699,837.42444,FVP,L,Difuso,MA,NO,UBT,N
F.durangensis,35.756871,4.053869,19.568055,3.6258906,9.0552702,3.28969,351.11919,41.282435,212.19332,22.3078,2.1851601,237.74481,542.01988,FVP,L,Difuso,MA,NO,UBT,N
F.durangensis,39.491426,4.053869,27.732731,1.8129453,7.2131225,2.5806452,266.26371,33.025948,232.07926,22.3078,2.0619518,395.67298,555.54626,FVP,L,Difuso,MA,NO,UBT,N
F.durangensis,32.456279,5.1277837,11.537513,3.6258906,10.814874,1.2903226,166.81373,29.19109,265.09624,29.19109,2.8594126,288.66565,604.60622,FVP,L,Difuso,MA,NO,UBT,N
F.durangensis,35.27099,5.7330365,15.004792,2.5638919,10.814874,1.9354839,315.36106,43.060568,127.32135,22.3078,2.412775,335.98724,514.7945,FVP,L,Difuso,MA,NO,UBT,N
F.durangensis,25.957427,1.8129453,22.388223,1.2819459,6.57938,1.9354839,345.13696,43.218589,181.83027,24.769461,1.9477617,451.26136,642.85714,FVP,L,Difuso,MA,NO,UBT,N
F.durangensis,42.978659,5.2855985,12.883397,2.5638919,7.9802044,2.0401791,168.44043,33.025948,219.19379,18.462066,1.9477617,355.21008,685.91186,FVP,L,Difuso,MA,NO,UBT,N
F.durangensis,44.278197,6.9034901,10.571197,2.8665182,8.4118741,3.2258065,270.83291,39.939556,205.18658,27.258914,2.7186985,437.95197,763.55269,FVP,L,Difuso,MA,NO,UBT,N
F.durangensis,49.995891,4.6221218,13.80698,2.8665182,7.3559705,1.9354839,216.34517,41.282435,109.09816,24.769461,1.9477617,308.0566,705.95256,FVP,L,Difuso,MA,NO,UBT,N
F.durangensis,42.978659,3.8458378,21.142394,2.5638919,7.2131225,3.2258065,124.12222,26.109305,210.90436,16.512974,2.9160401,475.92042,817.92093,FVP,L,Difuso,MA,NO,UBT,N
F.durangensis,40.53869,6.5366673,21.905902,3.6258906,12.675408,1.9354839,150.28167,33.025948,103.28862,24.631469,2.754551,353.52899,894.50667,FVP,L,Difuso,MA,NO,UBT,N
F.durangensis,44.203905,5.1277837,14.332591,1.2819459,9.86907,3.2258065,202.7804,30.560158,134.78573,19.007861,1.8442657,281.29586,622.19595,FVP,L,Difuso,MA,NO,UBT,N
F.durangensis,43.245492,8.107738,10.335379,3.8458378,8.4118741,1.4426245,194.07136,33.025948,165.95334,19.007861,2.9935196,312.37467,536.78659,FVP,L,Difuso,MA,NO,UBT,N
F.durangensis,38.565059,5.7330365,21.025477,3.8458378,11.896186,2.6600681,189.37797,47.285962,139.33663,16.512974,1.8084513,353.43166,760.58935,FVP,L,Difuso,MA,NO,UBT,N
F.durangensis,36.731722,8.9736215,8.5995547,3.6258906,11.630811,1.4426245,177.94597,45.59794,109.06691,15.88167,1.9477617,254.96374,572.59833,FVP,L,Difuso,MA,NO,UBT,N
F.durangensis,34.206584,3.8458378,20.269345,3.8458378,12.052608,1.9354839,291.59547,33.025948,162.40323,19.007861,2.6331449,419.35506,660.12459,FVP,L,Difuso,MA,NO,UBT,N
F.durangensis,29.927329,5.1277837,19.942399,3.8458378,9.5910121,2.5806452,243.60135,24.769461,147.69653,23.642981,2.200076,367.40892,581.29653,FVP,L,Difuso,MA,NO,UBT,N
F.durangensis,39.052037,3.8458378,23.948726,5.1277837,9.7630619,2.3261621,350.83756,28.83867,289.86032,26.881174,1.9974998,284.68437,964.62176,FVP,L,Difuso,MA,NO,UBT,N
F.durangensis,47.639429,5.2855985,14.332591,3.8458378,11.137211,3.9243629,182.55987,30.560158,151.09597,29.19109,2.9935196,345.12708,486.08954,FVP,L,Difuso,MA,NO,UBT,N
F.durangensis,32.074277,5.2855985,11.818958,2.5638919,10.402913,2.3261621,172.24227,31.439766,173.38623,23.352872,2.357932,337.6994,795.31604,FVP,L,Difuso,MA,NO,UBT,N
F.durangensis,51.946499,5.1277837,21.793081,3.8458378,10.402913,3.7619044,204.07057,38.015721,147.41934,18.462066,2.412775,430.9301,1003.8817,FVP,L,Difuso,MA,NO,UBT,N
F.durangensis,43.60501,5.1277837,11.608514,3.8458378,13.15876,1.8247917,198.15569,28.120582,143.81464,18.276513,2.5575364,470.14876,524.13321,FVP,L,Difuso,MA,NO,UBT,N
F.durangensis,49.995891,3.8458378,24.187707,4.053869,7.3559705,2.5806452,193.45568,35.512494,303.14915,26.881174,2.9160401,465.71271,793.97404,FVP,L,Difuso,MA,NO,UBT,N
F.durangensis,51.293859,6.4097297,17.855441,1.8129453,7.7687707,1.9354839,267.51528,31.547993,166.30213,18.462066,2.3159477,461.37439,602.52757,FVP,L,Difuso,MA,NO,UBT,N
F.durangensis,48.73081,4.053869,18.665415,3.8458378,12.275031,2.885249,270.08937,32.295426,195.81978,19.884254,2.357932,475.92042,491.64991,FVP,L,Difuso,MA,NO,UBT,N
F.durangensis,55.386199,5.838218,35.126477,7.3848265,13.956973,2.5806452,274.19743,28.83867,169.71048,28.720235,1.3040928,526.51534,818.2532,FVP,L,Difuso,MA,NO,UBT,N
F.durangensis,66.565927,5.838218,24.071589,5.838218,16.283135,2.0401791,228.10927,31.76334,182.78378,24.071589,1.8619146,414.38189,708.79034,FVP,L,Difuso,MA,NO,UBT,N
F.durangensis,45.67263,5.2218609,35.029308,5.2218609,13.716317,3.2258065,191.73903,28.83867,201.10945,21.049994,1.9477617,375.87425,850.87482,FVP,L,Difuso,MA,NO,UBT,N
F.durangensis,61.176056,9.4138436,24.071589,7.8327914,15.934308,3.7619044,154.24391,47.285962,240.2056,23.642981,1.5345218,418.70241,503.33448,FVP,L,Difuso,MA,NO,UBT,N
F.durangensis,57.499779,7.3848265,23.352872,5.838218,10.67932,1.9354839,193.20885,50.22225,122.7415,18.462066,1.3040928,398.85755,985.615,FVP,L,Difuso,MA,NO,UBT,N
F.durangensis,51.82549,5.2218609,23.352872,8.2564871,11.630811,3.2258065,300.257,39.510547,219.31816,29.19109,1.4467611,345.15671,1009.2413,FVP,L,Difuso,MA,NO,UBT,N
F.durangensis,46.192075,7.8327914,37.108294,5.838218,10.967742,2.5806452,279.36956,31.439766,237.59467,20.887444,1.8442657,317.90156,768.92864,FVP,L,Difuso,MA,NO,UBT,N
F.durangensis,49.05493,5.2218609,28.241531,5.838218,15.006069,2.3261621,203.65258,34.042368,407.38046,31.76334,1.3040928,358.90561,798.22905,FVP,L,Difuso,MA,NO,UBT,N
F.durangensis,50.425443,5.2218609,26.881174,7.8327914,13.807055,2.7371875,232.25544,26.239526,295.08135,23.642981,1.143765,344.65271,700.33209,FVP,L,Difuso,MA,NO,UBT,N
F.durangensis,45.59794,7.8327914,32.295426,7.8327914,10.814874,3.2258065,185.54147,29.769187,156.74283,20.887444,1.3772755,366.01483,549.41497,FVP,L,Difuso,MA,NO,UBT,N
F.durangensis,54.517829,10.443722,36.646155,7.3848265,12.967581,1.2903226,180.1542,27.258914,258.4953,31.439766,2.1089985,317.12865,750.84986,FVP,L,Difuso,MA,NO,UBT,N
F.durangensis,42.180872,3.6924133,28.720235,5.2218609,12.526766,1.9354839,206.28003,39.939556,185.4496,21.049994,1.4912872,414.55459,785.66106,FVP,L,Difuso,MA,NO,UBT,N
F.durangensis,43.76717,7.3848265,35.512494,5.838218,11.48677,2.0401791,217.47656,34.341428,138.60082,18.462066,1.4467611,369.47203,1177.9769,FVP,L,Difuso,MA,NO,UBT,N
F.durangensis,54.891669,10.765142,26.109305,5.838218,11.843587,2.5806452,181.36103,34.341428,148.82304,18.276513,1.2787682,572.38956,915.69162,FVP,L,Difuso,MA,NO,UBT,N
F.durangensis,47.64501,5.2218609,35.512494,8.2564871,9.5256923,1.9354839,248.3817,44.385818,229.76188,23.498374,2.1851601,512.84018,808.35488,FVP,L,Difuso,MA,NO,UBT,N
F.durangensis,47.285962,5.2218609,28.241531,5.838218,12.983621,3.8709677,329.01868,39.939556,154.0449,26.109305,1.0544993,387.06108,822.07743,FVP,L,Difuso,MA,NO,UBT,N
F.durangensis,49.538922,8.2564871,26.109305,7.8327914,15.226353,2.3261621,310.30554,43.76717,156.67758,26.239526,1.2787682,490.50066,920.0428,FVP,L,Difuso,MA,NO,UBT,N
F.durangensis,71.264533,5.838218,35.126477,7.3848265,13.609692,2.5806452,202.25866,26.626371,203.65258,23.642981,1.8619146,460.84217,928.27864,FVP,L,Difuso,MA,NO,UBT,N
F.durangensis,63.203934,7.3848265,35.512494,8.2564871,11.896186,3.2258065,182.76513,33.942096,365.98689,15.665583,1.6376223,355.12494,737.21965,FVP,L,Difuso,MA,NO,UBT,N
F.durangensis,53.571814,7.3848265,27.754571,7.8327914,12.526766,2.0401791,232.37281,34.341428,229.76188,23.642981,1.5345218,417.9528,846.95843,FVP,L,Difuso,MA,NO,UBT,N
F.durangensis,58.38218,5.838218,36.366053,5.838218,11.099775,2.6600681,232.43148,33.942096,133.15745,28.83867,1.0230146,543.32453,935.21314,FVP,L,Difuso,MA,NO,UBT,N
F.durangensis,50.6951,5.2218609,31.870468,8.2564871,13.06352,2.3261621,297.69187,26.239526,130.65092,13.313185,1.6376223,523.86744,607.50437,FVP,L,Difuso,MA,NO,UBT,N
F.durangensis,66.463439,5.2218609,33.025948,7.3848265,17.93734,1.9354839,287.20235,44.385818,130.96361,19.007861,1.8442657,520.83318,846.56332,FVP,L,Difuso,MA,NO,UBT,N
F.durangensis,59.193888,7.3848265,31.547993,5.838218,14.208204,3.2258065,214.15997,41.856399,141.32829,27.258914,1.8084513,522.55802,858.94619,FVP,L,Difuso,MA,NO,UBT,N
F.durangensis,51.429366,5.838218,35.029308,7.3848265,10.098372,2.885249,240.2056,34.042368,219.31816,28.83867,1.617528,405.19925,816.56487,FVP,L,Difuso,MA,NO,UBT,N
F.durangensis,32.125473,4.6221218,16.062736,2.5638919,11.137211,3.2258065,343.07666,18.462066,143.60118,15.88167,2.357932,792.36593,230.13245,FVP,L,Difuso,MA,NO,UBT,N
F.durangensis,30.390501,4.6221218,24.187707,2.8665182,12.275031,3.6495834,201.0586,31.439766,252.66739,11.676436,2.81329,749.9303,229.99912,FVP,L,Difuso,MA,NO,UBT,N
F.durangensis,44.72136,5.1277837,16.71453,2.5638919,8.2620958,4.6968451,185.37606,31.439766,156.65583,16.512974,2.0460291,625.982,282.41531,FVP,L,Difuso,MA,NO,UBT,N
F.durangensis,38.756344,6.5366673,17.947243,3.8458378,7.7955135,4.0803583,248.05214,26.626371,112.27001,9.4138436,2.0619518,828.66429,242.83057,FVP,L,Difuso,MA,NO,UBT,N
F.durangensis,38.756344,5.2855985,11.537513,3.8458378,7.5238089,3.2258065,237.72375,31.439766,201.04165,28.720235,2.4262921,737.67332,334.2093,FVP,L,Difuso,MA,NO,UBT,N
F.durangensis,33.649555,3.6258906,17.43635,4.6221218,13.06352,2.885249,198.44789,26.239526,148.82304,19.884254,2.0460291,679.29519,409.9244,FVP,L,Difuso,MA,NO,UBT,N
F.durangensis,34.517451,4.053869,16.062736,3.8458378,10.200896,2.7371875,227.21096,33.942096,167.11995,26.109305,1.7902755,853.64724,330.46583,FVP,L,Difuso,MA,NO,UBT,N
F.durangensis,33.844344,3.8458378,18.354672,2.5638919,7.0967742,4.1310479,259.69244,39.250891,240.2056,21.530284,2.754551,647.26565,320.13457,FVP,L,Difuso,MA,NO,UBT,N
F.durangensis,31.531701,4.6221218,17.43635,6.4097297,8.2620958,3.28969,250.34998,34.834157,201.04165,21.049994,2.1089985,603.87951,270.45509,FVP,L,Difuso,MA,NO,UBT,N
F.durangensis,39.574566,3.6258906,14.616432,4.6221218,11.024521,2.3261621,196.1676,34.042368,195.83719,26.626371,2.6081856,716.88637,315.24215,FVP,L,Difuso,MA,NO,UBT,N
F.durangensis,46.663536,6.4097297,16.861366,2.5638919,9.0552702,3.2258065,198.43071,18.276513,151.43397,20.887444,2.5575364,611.92838,297.15325,FVP,L,Difuso,MA,NO,UBT,N
F.durangensis,41.042295,6.4097297,16.665297,2.5638919,10.015597,4.0803583,250.70371,27.258914,209.03756,21.049994,2.0619518,693.24997,272.58914,FVP,L,Difuso,MA,NO,UBT,N
F.durangensis,37.440723,8.2084591,20.868568,5.1277837,7.7687707,4.5619792,285.17768,19.007861,243.04103,22.3078,3.0796816,728.20168,334.56606,FVP,L,Difuso,MA,NO,UBT,N
F.durangensis,38.050263,5.2855985,19.229189,4.6221218,10.342722,3.7619044,279.80844,28.720235,195.83719,13.313185,2.5702923,730.55248,332.39804,FVP,L,Difuso,MA,NO,UBT,N
F.durangensis,39.136111,7.2517813,16.71453,4.6221218,7.8487258,4.1310479,409.91608,23.498374,201.19417,19.007861,2.2875301,522.57501,407.46218,FVP,L,Difuso,MA,NO,UBT,N
F.durangensis,41.281844,5.1277837,17.992969,3.8458378,8.4857719,2.7371875,238.29658,26.626371,109.93847,24.071589,2.9160401,629.28026,373.12036,FVP,L,Difuso,MA,NO,UBT,N
F.durangensis,41.599096,4.6221218,16.71453,5.1277837,7.5238089,3.28969,253.26025,24.071589,198.44789,26.239526,2.6081856,922.6074,302.9692,FVP,L,Difuso,MA,NO,UBT,N
F.durangensis,42.439962,4.6221218,20.868568,3.6258906,7.9802044,4.6968451,289.81328,21.530284,109.78334,18.276513,2.8594126,881.41379,254.54898,FVP,L,Difuso,MA,NO,UBT,N
F.durangensis,43.074146,5.7330365,12.819459,2.5638919,9.6774194,4.0803583,221.94445,28.83867,185.39445,20.887444,2.9160401,740.30479,278.92999,FVP,L,Difuso,MA,NO,UBT,N
F.durangensis,56.201305,4.6221218,20.024636,3.6258906,8.1607165,4.6523242,219.19379,28.120582,140.99024,21.530284,1.7156476,822.2046,276.62312,FVP,L,Difuso,MA,NO,UBT,N
F.durangensis,39.574566,4.6221218,17.246819,2.5638919,9.5910121,2.885249,165.8095,34.042368,130.65092,18.462066,2.5575364,651.13073,255.51126,FVP,L,Difuso,MA,NO,UBT,N
F.durangensis,39.240949,4.6221218,23.845573,4.6221218,10.015597,3.2258065,187.98699,23.642981,125.32466,15.665583,2.5702923,641.81545,210.25692,FVP,L,Difuso,MA,NO,UBT,N
F.durangensis,47.17143,5.7330365,13.80698,3.6258906,13.04758,2.5806452,133.2598,21.530284,107.04815,15.665583,2.81329,835.44953,287.02428,FVP,L,Difuso,MA,NO,UBT,N
F.durangensis,49.083632,3.6258906,11.466073,2.5638919,8.986057,3.8709677,151.43397,23.498374,156.65583,19.007861,2.3017828,694.84673,358.46849,FVP,L,Difuso,MA,NO,UBT,N
F.durangensis,42.050953,5.7330365,13.383908,3.8458378,11.540996,3.2258065,214.0963,23.642981,154.13338,18.462066,2.3159477,607.50437,338.66697,FVP,L,Difuso,MA,NO,UBT,N
F.phillyreoides,52.262047,9.3936902,22.617481,2.6600681,11.00038,1.4912872,473.16227,34.042368,198.43071,26.109305,2.6081856,383.43901,733.0669,FVP,L,Difuso,MA,NO,UBT,N
F.phillyreoides,51.325814,10.342722,16.774194,3.2258065,12.445509,2.5702923,498.71506,34.042368,159.35234,15.665583,2.754551,328.14811,659.04673,FVP,L,Difuso,MA,NO,UBT,N
F.phillyreoides,38.102769,4.6523242,27.561302,2.3261621,9.7488779,3.0690437,277.20164,34.042368,199.27062,18.276513,2.9935196,299.10027,710.58762,FVP,L,Difuso,MA,NO,UBT,N
F.phillyreoides,63.465641,9.3936902,18.809522,3.6495834,7.6041024,3.0690437,195.81978,33.942096,109.78334,18.276513,2.412775,232.04638,752.07419,FVP,L,Difuso,MA,NO,UBT,N
F.phillyreoides,64.338465,4.6968451,16.823748,2.0401791,9.548897,4.0031777,180.1542,26.109305,167.09955,18.276513,2.2875301,300.75774,810.00869,FVP,L,Difuso,MA,NO,UBT,N
F.phillyreoides,50.206649,3.8709677,16.14193,1.8247917,5.8878909,4.7019734,300.35915,33.942096,125.35186,20.887444,4.0031777,187.47117,612.03088,FVP,L,Difuso,MA,NO,UBT,N
F.phillyreoides,36.54712,4.5619792,28.416407,1.4426245,5.9706288,3.0796816,174.69837,31.331166,173.03202,21.049994,2.6331449,422.63796,732.21068,FVP,L,Difuso,MA,NO,UBT,N
F.phillyreoides,50.243942,3.2258065,31.849019,3.8709677,7.8454279,2.5575364,211.88791,31.331166,206.67622,20.887444,3.2045839,360.77384,719.24508,FVP,L,Difuso,MA,NO,UBT,N
F.phillyreoides,58.667124,8.9628671,14.208204,7.0967742,12.879424,3.3639139,289.86032,39.250891,315.93337,26.109305,2.8594126,389.10748,849.62058,FVP,L,Difuso,MA,NO,UBT,N
F.phillyreoides,61.456481,9.0322581,14.208204,4.0803583,7.1656675,1.9477617,243.04103,36.646155,160.03534,15.88167,1.8084513,420.84744,876.63244,FVP,L,Difuso,MA,NO,UBT,N
F.phillyreoides,35.69439,7.0967742,8.4118741,2.885249,7.1611019,1.8084513,303.04794,44.385818,144.19335,13.313185,2.9825743,235.85367,813.5376,FVP,L,Difuso,MA,NO,UBT,N
F.phillyreoides,26.483065,2.6600681,22.580645,4.5619792,6.1434132,1.7902755,366.65682,41.856399,272.15115,15.665583,1.9477617,217.28889,875.39123,FVP,L,Difuso,MA,NO,UBT,N
F.phillyreoides,40.129862,5.2014566,22.020707,6.0864394,8.9550303,2.9825743,273.64993,47.069218,308.10086,21.049994,2.4262921,416.75863,743.34901,FVP,L,Difuso,MA,NO,UBT,N
F.phillyreoides,42.113765,7.8487258,18.754119,2.5806452,4.6318954,2.357932,266.51961,36.553026,140.99024,21.049994,2.4262921,296.18223,834.39767,FVP,L,Difuso,MA,NO,UBT,N
F.phillyreoides,33.130147,10.640273,25.235622,2.885249,4.3703201,1.9477617,330.22852,28.83867,183.23078,18.462066,2.357932,313.76265,808.35488,FVP,L,Difuso,MA,NO,UBT,N
F.phillyreoides,39.486823,6.4516129,29.78941,2.885249,6.9242671,1.8084513,237.82409,33.942096,107.04815,21.049994,2.200076,383.25681,629.41316,FVP,L,Difuso,MA,NO,UBT,N
F.phillyreoides,48.21043,5.842184,20.655239,3.28969,7.6768706,2.0460291,295.04669,41.856399,141.20765,23.642981,1.8442657,383.80678,632.06528,FVP,L,Difuso,MA,NO,UBT,N
F.phillyreoides,52.289915,7.7419355,18.78738,2.885249,7.6768706,2.0619518,237.72375,44.385818,167.60872,26.109305,2.754551,257.75084,522.01452,FVP,L,Difuso,MA,NO,UBT,N
F.phillyreoides,54.208907,10.015597,14.83871,5.842184,6.9053483,2.0619518,323.7659,39.163957,105.24997,18.462066,3.2045839,293.79225,712.08678,FVP,L,Difuso,MA,NO,UBT,N
F.phillyreoides,44.558185,10.402913,16.14193,3.4742999,10.735562,1.3040928,245.64957,36.646155,198.85968,21.049994,3.3346195,381.27279,699.52548,FVP,L,Difuso,MA,NO,UBT,N
F.phillyreoides,34.934158,7.8751972,21.533315,2.7371875,7.3814949,3.0690437,407.98243,41.774887,138.37931,18.462066,1.8442657,364.95855,849.74363,FVP,L,Difuso,MA,NO,UBT,N
F.phillyreoides,44.520804,5.8064516,21.764036,2.6600681,5.5857438,1.9477617,459.59051,39.250891,185.83516,23.642981,2.200076,285.86245,809.98288,FVP,L,Difuso,MA,NO,UBT,N
F.phillyreoides,54.254958,5.5122605,16.14193,1.9354839,7.3814949,2.3159477,494.1561,36.646155,282.17383,26.239526,1.617528,411.70822,726.18888,FVP,L,Difuso,MA,NO,UBT,N
F.phillyreoides,43.946804,6.1205374,16.180563,2.7371875,8.6276586,3.6169027,381.27631,41.856399,438.70625,23.642981,1.6376223,288.77646,750.82201,FVP,L,Difuso,MA,NO,UBT,N
F.phillyreoides,34.217885,6.9784863,22.58986,1.9354839,9.5180221,2.357932,274.45835,31.439766,225.08583,28.720235,1.4467611,371.57198,619.23149,FVP,L,Difuso,MA,NO,UBT,N
F.phillyreoides,57.91502,3.8458378,20.670757,3.8458378,12.460134,2.5806452,269.03988,49.607679,201.31273,26.239526,1.9477617,483.29872,668.46598,FVP,L,Difuso,MA,NO,UBT,N
F.phillyreoides,63.128516,3.8458378,20.551157,2.5638919,9.826804,2.5806452,235.21571,18.276513,207.59771,36.924133,1.2787682,459.9093,718.6343,FVP,L,Difuso,MA,NO,UBT,N
F.phillyreoides,57.91502,6.4097297,17.992969,3.8458378,10.502465,3.28969,243.16721,23.498374,276.03105,29.19109,2.2875301,410.92097,709.96939,FVP,L,Difuso,MA,NO,UBT,N
F.phillyreoides,39.760995,4.6221218,17.992969,2.8665182,9.5910121,2.3261621,219.38031,26.109305,300.98265,28.720235,1.8084513,520.80701,767.70395,FVP,L,Difuso,MA,NO,UBT,N
F.phillyreoides,41.042295,4.053869,13.80698,1.2819459,7.3559705,2.885249,230.96038,28.83867,290.61193,18.462066,2.5575364,534.17621,774.86117,FVP,L,Difuso,MA,NO,UBT,N
F.phillyreoides,46.327759,5.2855985,14.616432,2.5638919,13.685938,3.7619044,201.31273,44.462544,206.67622,23.498374,1.7156476,604.07926,798.25525,FVP,L,Difuso,MA,NO,UBT,N
F.phillyreoides,47.501243,5.1277837,23.637915,2.5638919,10.502465,2.6600681,337.06293,36.553026,237.59467,26.109305,2.5575364,346.66432,886.33449,FVP,L,Difuso,MA,NO,UBT,N
F.phillyreoides,51.293859,3.8458378,20.551157,4.6221218,9.2373039,1.9354839,182.03635,34.341428,247.41924,26.239526,3.8363046,477.82881,771.37219,FVP,L,Difuso,MA,NO,UBT,N
F.phillyreoides,32.074277,6.5366673,25.766794,2.5638919,8.3870968,1.4426245,208.89075,26.109305,233.83503,31.76334,2.7186985,519.73258,582.59006,FVP,L,Difuso,MA,NO,UBT,N
F.phillyreoides,29.484756,4.053869,21.793081,2.5638919,8.3870968,2.0401791,263.9107,44.462544,269.03988,26.239526,2.357932,512.86677,727.08095,FVP,L,Difuso,MA,NO,UBT,N
F.phillyreoides,51.085184,3.8458378,30.793398,3.8458378,7.9802044,3.6495834,516.9906,34.042368,175.63238,21.049994,2.5575364,416.31857,731.63931,FVP,L,Difuso,MA,NO,UBT,N
F.phillyreoides,49.781775,5.1277837,24.658722,3.8458378,9.1239585,2.3261621,339.431,33.942096,145.51107,28.720235,1.8084513,471.39408,760.61684,FVP,L,Difuso,MA,NO,UBT,N
F.phillyreoides,44.941302,3.8458378,17.992969,4.053869,10.098372,1.4426245,237.65205,33.942096,194.96501,29.19109,3.3247973,419.97042,751.99078,FVP,L,Difuso,MA,NO,UBT,N
F.phillyreoides,53.119607,7.6916756,11.027716,2.5638919,10.814874,3.6495834,245.92692,28.720235,192.04099,23.498374,2.5575364,381.4908,852.10267,FVP,L,Difuso,MA,NO,UBT,N
F.phillyreoides,45.014377,5.1277837,22.71614,5.2855985,9.5910121,2.7371875,216.84874,28.720235,257.78228,26.109305,2.0619518,438.2165,673.45228,FVP,L,Difuso,MA,NO,UBT,N
F.phillyreoides,29.512612,3.8458378,16.215476,5.2855985,9.1239585,1.9354839,242.81653,33.942096,140.36028,20.887444,2.2875301,380.20204,802.98248,FVP,L,Difuso,MA,NO,UBT,N
F.phillyreoides,46.434057,3.8458378,17.43635,2.5638919,11.773089,1.4426245,159.26676,26.109305,278.52644,21.049994,2.5575364,366.95418,764.53792,FVP,L,Difuso,MA,NO,UBT,N
F.phillyreoides,43.245492,3.8458378,19.057496,2.5638919,9.3936902,1.4426245,266.94131,44.462544,171.32957,23.642981,1.9974998,556.0056,546.97379,FVP,L,Difuso,MA,NO,UBT,N
F.phillyreoides,27.998122,6.4097297,12.093854,1.2819459,9.0552702,2.6600681,217.27272,49.881756,388.3973,23.498374,2.1851601,483.72728,634.27791,FVP,L,Difuso,MA,NO,UBT,N
F.phillyreoides,40.233501,3.8458378,13.198441,3.6258906,9.3936902,2.885249,271.53677,33.942096,212.27362,23.642981,2.200076,490.85493,770.96547,FVP,L,Difuso,MA,NO,UBT,N
F.phillyreoides,50.502813,3.8458378,19.271873,3.8458378,9.2373039,2.5806452,214.0963,36.553026,256.52309,23.498374,2.5318319,444.97027,984.68109,FVP,L,Difuso,MA,NO,UBT,N
F.phillyreoides,52.309049,1.2819459,20.551157,4.053869,8.6075252,1.9354839,182.9329,31.331166,136.39457,20.887444,2.2875301,460.13159,758.38681,FVP,L,Difuso,MA,NO,UBT,N
F.phillyreoides,60.808035,5.7330365,19.568055,3.8458378,9.2373039,3.28969,218.96042,28.83867,206.52774,23.498374,3.3346195,417.20185,709.14426,FVP,L,Difuso,MA,NO,UBT,N
F.phillyreoides,38.244124,3.6258906,18.927705,1.8129453,9.1694648,2.5806452,258.4953,28.83867,220.86682,28.83867,1.5556887,440.90723,597.19429,FVP,L,Difuso,MA,NO,UBT,N
F.phillyreoides,44.148104,6.5366673,22.129818,2.5638919,10.502465,2.885249,249.14899,36.553026,563.53775,31.439766,2.5188812,402.62546,881.69842,FVP,L,Difuso,MA,NO,UBT,N
F.phillyreoides,57.244305,3.8458378,10.986701,3.2258065,5.8064516,1.9354839,97.579582,13.383908,40.069783,7.6916756,3.2350561,151.79019,466.33039,FVP,L,Difuso,MA,NO,UBT,N
F.phillyreoides,56.594683,5.2855985,14.964405,2.5806452,7.1260394,1.9354839,91.414521,11.818958,37.198528,7.7977727,1.5556887,121.48087,691.98199,FVP,L,Difuso,MA,NO,UBT,N
F.phillyreoides,53.856988,6.4097297,16.786596,2.6600681,6.4837907,2.0401791,94.83801,6.5366673,42.613857,10.571197,3.9703642,136.46554,763.85387,FVP,L,Difuso,MA,NO,UBT,N
F.phillyreoides,35.917371,4.053869,15.389497,2.5806452,9.6774194,1.9354839,81.773682,9.7630094,52.575414,7.7977727,2.5188812,125.97687,466.19585,FVP,L,Difuso,MA,NO,UBT,N
F.phillyreoides,50.453978,3.8458378,16.524192,3.8709677,9.6774194,2.6600681,90.256641,7.7977727,42.787046,6.9034901,4.4149923,204.87084,460.23726,FVP,L,Difuso,MA,NO,UBT,N
F.phillyreoides,45.52262,5.1277837,16.823748,2.885249,7.9802044,3.2258065,81.924269,13.383908,52.62228,10.571197,3.1634978,129.7048,391.99623,FVP,L,Difuso,MA,NO,UBT,N
F.phillyreoides,48.713945,3.8458378,12.526766,2.5806452,6.4516129,3.2258065,63.427182,13.383908,42.323635,7.6916756,3.5805509,215.19134,331.18703,FVP,L,Difuso,MA,NO,UBT,N
F.phillyreoides,60.087583,5.1277837,9.1694648,2.6600681,9.0322581,2.5806452,75.63481,13.80698,42.478667,7.7977727,2.5575364,196.61891,301.08455,FVP,L,Difuso,MA,NO,UBT,N
F.phillyreoides,61.65347,4.6221218,16.486364,1.4426245,11.773089,1.2903226,77.087493,12.883397,45.032628,7.6916756,3.7238292,148.55646,383.31803,FVP,L,Difuso,MA,NO,UBT,N
F.phillyreoides,59.094788,3.8458378,10.015597,3.2258065,9.7630619,2.5806452,90.256641,14.159556,46.593048,6.9034901,3.0796816,176.61103,266.83914,FVP,L,Difuso,MA,NO,UBT,N
F.phillyreoides,37.176432,2.8665182,15.047618,2.6600681,8.3870968,1.9354839,74.661658,15.004792,53.320322,10.335379,3.6169027,133.32238,358.77263,FVP,L,Difuso,MA,NO,UBT,N
F.phillyreoides,46.663536,5.1277837,10.967742,3.7619044,5.8064516,2.6600681,95.416744,11.818958,45.52262,5.2855985,2.9160401,245.06636,475.65348,FVP,L,Difuso,MA,NO,UBT,N
F.phillyreoides,48.171155,3.8458378,12.460134,2.5806452,10.015597,1.9354839,120.42789,13.383908,38.543746,8.9736215,3.3247973,148.97624,530.51734,FVP,L,Difuso,MA,NO,UBT,N
F.phillyreoides,48.460269,6.4097297,7.7687707,1.9354839,7.0967742,1.2903226,78.040926,16.215476,27.404874,7.7977727,3.121871,151.17181,479.94228,FVP,L,Difuso,MA,NO,UBT,N
F.phillyreoides,42.304216,4.053869,7.3559705,1.9354839,10.640273,2.5806452,77.438448,14.616432,40.069783,9.3327073,3.5530431,135.91045,427.25207,FVP,L,Difuso,MA,NO,UBT,N
F.phillyreoides,41.02227,2.5638919,14.208204,3.2258065,9.0552702,1.9354839,85.227715,17.43635,40.253919,5.2855985,2.0619518,160.88502,631.93294,FVP,L,Difuso,MA,NO,UBT,N
F.phillyreoides,51.277837,5.1277837,15.102839,2.6600681,7.2131225,2.5806452,91.234571,11.466073,46.150054,11.537513,3.3247973,150.64413,484.79732,FVP,L,Difuso,MA,NO,UBT,N
F.phillyreoides,43.586162,6.4097297,11.137211,2.3261621,6.4516129,1.4426245,118.16872,15.856795,33.42906,6.4097297,3.3346195,176.50353,407.87251,FVP,L,Difuso,MA,NO,UBT,N
F.phillyreoides,38.798724,3.8458378,12.919345,3.2258065,5.1612903,1.9354839,112.6363,15.004792,42.381838,9.3327073,3.1634978,142.52907,407.20551,FVP,L,Difuso,MA,NO,UBT,N
F.phillyreoides,35.01379,4.6221218,9.7630619,2.5806452,5.1612903,2.5806452,73.082162,14.332591,41.042295,6.5366673,3.3639139,166.16413,457.86864,FVP,L,Difuso,MA,NO,UBT,N
F.phillyreoides,41.992291,3.8458378,12.325789,3.2258065,5.8064516,2.5806452,84.763676,15.595545,34.707369,4.053869,3.6618348,174.61308,378.95897,FVP,L,Difuso,MA,NO,UBT,N
F.phillyreoides,45.810513,2.8665182,5.8064516,1.9354839,3.8709677,2.3261621,85.957319,11.818958,49.133829,5.2855985,3.0690437,157.70019,413.92822,FVP,L,Difuso,MA,NO,UBT,N
F.phillyreoides,39.491426,2.5638919,9.0552702,2.885249,7.2131225,2.885249,120.83658,12.883397,40.740879,10.952951,2.6081856,124.88285,448.22239,FVP,L,Difuso,MA,NO,UBT,N
F.phillyreoides,45.52262,5.7330365,9.5256923,3.2258065,5.842184,2.5806452,97.966171,16.665297,35.894486,9.0647266,3.6169027,144.58736,501.96169,FVP,L,Difuso,MA,NO,UBT,N
F.phillyreoides,34.134443,4.053869,14.555502,3.6495834,7.7687707,2.7371875,116.65708,20.511135,54.38836,7.6916756,3.121871,154.36673,431.73113,FVP,L,Difuso,MA,NO,UBT,N
F.phillyreoides,44.385818,5.838218,24.071589,5.2218609,11.773089,3.2258065,149.39451,21.049994,238.22505,23.498374,2.6331449,442.6586,984.2563,FVP,L,Difuso,MA,NO,UBT,N
F.phillyreoides,52.867312,5.2218609,23.498374,5.838218,9.5910121,4.6968451,196.67084,34.834157,187.58768,21.049994,2.1851601,432.69034,948.59954,FVP,L,Difuso,MA,NO,UBT,N
F.phillyreoides,52.283842,5.838218,16.512974,7.8327914,10.015597,3.7619044,199.04813,31.439766,205.66775,18.276513,1.8442657,375.84704,997.08927,FVP,L,Difuso,MA,NO,UBT,N
F.phillyreoides,51.429366,5.2218609,10.443722,5.2218609,9.8479597,5.0388708,255.19091,18.276513,120.1028,27.258914,1.7156476,333.96444,1001.045,FVP,L,Difuso,MA,NO,UBT,N
F.phillyreoides,49.262937,5.838218,15.88167,5.2218609,9.0552702,3.28969,138.99374,29.19109,150.28167,26.626371,2.3017828,376.30021,938.24898,FVP,L,Difuso,MA,NO,UBT,N
F.phillyreoides,47.930312,5.838218,26.109305,5.2218609,9.1694648,2.7371875,309.95385,39.510547,154.24391,23.498374,2.4262921,386.07355,856.0688,FVP,L,Difuso,MA,NO,UBT,N
F.phillyreoides,39.163957,5.2218609,18.462066,3.6924133,11.099775,4.1310479,368.37259,31.76334,208.43338,25.714683,2.81329,330.47614,919.40622,FVP,L,Difuso,MA,NO,UBT,N
F.phillyreoides,39.250891,7.8327914,21.049994,5.838218,11.432287,3.9243629,178.23306,23.498374,162.63393,15.88167,2.0460291,337.79023,868.96608,FVP,L,Difuso,MA,NO,UBT,N
F.phillyreoides,37.382835,5.2218609,24.769461,5.2218609,7.5238089,4.6523242,277.98747,31.76334,211.63037,23.498374,2.0460291,363.06957,1018.481,FVP,L,Difuso,MA,NO,UBT,N
F.phillyreoides,34.834157,5.2218609,27.258914,7.8327914,9.8479597,4.1310479,429.33733,31.439766,144.75955,15.665583,2.0619518,444.97027,1083.4995,FVP,L,Difuso,MA,NO,UBT,N
F.phillyreoides,44.691931,5.2218609,17.514654,5.838218,12.983621,4.0803583,432.82424,44.462544,133.38763,13.313185,2.0619518,361.07384,928.27864,FVP,L,Difuso,MA,NO,UBT,N
F.phillyreoides,50.425443,8.2564871,21.049994,5.838218,12.854748,3.9243629,384.87984,26.109305,261.09305,21.530284,2.5575364,359.29477,1232.1832,FVP,L,Difuso,MA,NO,UBT,N
F.phillyreoides,39.768508,7.8327914,22.3078,5.2218609,10.640273,3.9243629,245.77442,28.720235,125.75906,15.88167,1.8619146,394.44929,747.72433,FVP,L,Difuso,MA,NO,UBT,N
F.phillyreoides,36.553026,5.838218,19.007861,5.838218,10.502465,2.5806452,369.61961,26.109305,287.96089,18.276513,2.4262921,340.86395,993.20205,FVP,L,Difuso,MA,NO,UBT,N
F.phillyreoides,46.705744,5.838218,21.530284,5.838218,8.7751423,3.4742999,245.48301,36.646155,185.54147,20.887444,1.5345218,240.25801,1064.7528,FVP,L,Difuso,MA,NO,UBT,N
F.phillyreoides,36.553026,8.2564871,19.007861,5.2218609,7.3559705,4.0803583,266.94131,31.439766,143.60118,23.498374,2.3017828,233.81372,864.35781,FVP,L,Difuso,MA,NO,UBT,N
F.phillyreoides,36.553026,9.4138436,19.007861,5.2218609,7.5238089,4.3278735,343.23558,33.942096,146.30532,18.276513,2.6331449,281.15269,1003.6942,FVP,L,Difuso,MA,NO,UBT,N
F.phillyreoides,34.042368,5.838218,18.276513,7.8327914,11.684368,3.2258065,224.5552,31.331166,190.16825,24.071589,2.3017828,324.18028,902.23413,FVP,L,Difuso,MA,NO,UBT,N
F.phillyreoides,40.867526,7.3848265,26.239526,5.2218609,14.426245,4.913402,242.19811,32.714865,232.43148,24.769461,2.0460291,252.51406,907.66411,FVP,L,Difuso,MA,NO,UBT,N
F.phillyreoides,45.67263,5.838218,18.276513,2.6109305,12.172879,4.0803583,230.29532,34.042368,143.60118,20.887444,2.3017828,263.73526,991.43201,FVP,L,Difuso,MA,NO,UBT,N
F.phillyreoides,41.856399,7.8327914,20.887444,5.838218,8.986057,3.6495834,223.45965,24.769461,156.85153,26.109305,2.3159477,334.96833,955.8023,FVP,L,Difuso,MA,NO,UBT,N
F.phillyreoides,34.341428,5.2218609,23.352872,5.2218609,9.2373039,5.3201363,260.07279,34.834157,169.73056,26.239526,1.8619146,411.86549,789.11336,FVP,L,Difuso,MA,NO,UBT,N
F.phillyreoides,31.331166,5.2218609,17.514654,5.2218609,9.1239585,3.2258065,237.65205,26.109305,149.94108,21.049994,2.357932,265.55871,771.10107,FVP,L,Difuso,MA,NO,UBT,N
F.phillyreoides,31.439766,5.2218609,23.642981,5.2218609,7.5238089,4.3278735,277.20164,29.19109,164.48862,20.887444,2.0460291,265.13481,913.65702,FVP,L,Difuso,MA,NO,UBT,N
F.phillyreoides,35.512494,5.2218609,19.007861,5.838218,11.024521,5.770498,274.34655,39.163957,202.12379,21.049994,2.0460291,348.31221,721.19028,FVP,L,Difuso,MA,NO,UBT,N
F.racemosa,17.431298,2.5806452,9.0552702,3.2258065,4.0803583,3.8709677,537.95306,28.720235,229.77671,15.665583,1.4912872,177.62005,821.67036,FVP,LP,Difuso,ME,NO,UB,P
F.racemosa,20.805826,3.2258065,9.1239585,1.9354839,3.2258065,4.516129,545.70945,18.276513,188.27687,13.054652,2.200076,251.69424,654.68561,FVP,LP,Difuso,ME,NO,UB,P
F.racemosa,18.474608,2.5806452,9.5910121,3.28969,5.1612903,4.516129,363.00385,31.331166,140.99024,10.443722,2.200076,282.41531,906.2116,FVP,LP,Difuso,ME,NO,UB,P
F.racemosa,14.894705,2.5806452,6.9485998,1.9354839,3.8709677,5.1612903,355.12494,26.109305,347.25375,13.054652,2.412775,303.14915,844.78306,FVP,LP,Difuso,ME,NO,UB,P
F.racemosa,20.2482,3.28969,9.1239585,1.9354839,4.1310479,4.3278735,527.51135,20.887444,347.29301,15.665583,2.357932,292.54075,728.20168,FVP,LP,Difuso,ME,NO,UB,P
F.racemosa,14.426245,4.516129,5.5122605,2.6600681,3.28969,4.3278735,454.78182,26.239526,281.98049,15.665583,2.357932,293.19249,787.36255,FVP,LP,Difuso,ME,NO,UB,P
F.racemosa,20.010403,3.2258065,7.7955135,1.9354839,6.8581586,3.8709677,310.71169,31.439766,436.05665,7.8327914,2.1701416,250.92115,656.59915,FVP,LP,Difuso,ME,NO,UB,P
F.racemosa,15.60437,2.5806452,7.8487258,3.2258065,3.28969,5.8064516,574.61828,26.109305,201.04165,13.054652,2.200076,237.07766,713.40695,FVP,LP,Difuso,ME,NO,UB,P
F.racemosa,14.324905,2.5806452,5.8064516,4.0803583,4.0803583,5.1612903,289.81328,23.498374,242.83057,13.054652,2.1851601,258.48212,763.00479,FVP,LP,Difuso,ME,NO,UB,P
F.racemosa,17.142362,1.9354839,7.7955135,2.5806452,3.8709677,4.516129,334.36224,20.887444,190.66944,7.8327914,1.9477617,235.21571,808.56179,FVP,LP,Difuso,ME,NO,UB,P
F.racemosa,15.061442,3.2258065,5.8064516,2.7371875,4.516129,4.5619792,381.23161,23.642981,204.07057,18.276513,2.81329,231.09316,562.65216,FVP,LP,Difuso,ME,NO,UB,P
F.racemosa,18.064516,3.2258065,7.7687707,3.2258065,4.516129,3.28969,370.89919,18.276513,240.26235,13.054652,2.0619518,345.24558,802.12269,FVP,LP,Difuso,ME,NO,UB,P
F.racemosa,19.365588,2.5806452,8.4118741,3.4742999,4.516129,5.2014566,582.4482,23.498374,248.03839,13.054652,1.5345218,200.14106,680.24876,FVP,LP,Difuso,ME,NO,UB,P
F.racemosa,25.457316,2.5806452,11.773089,3.28969,3.8709677,5.1612903,370.7889,15.665583,295.1391,15.665583,2.9160401,237.59467,697.84954,FVP,LP,Difuso,ME,NO,UB,P
F.racemosa,20.371166,2.5806452,7.7687707,2.5806452,3.9243629,3.2258065,412.53527,28.720235,185.54147,261.09305,1.8084513,211.74308,908.12473,FVP,LP,Difuso,ME,NO,UB,P
F.racemosa,15.497306,1.9354839,8.4118741,2.5806452,3.8709677,4.516129,360.31786,23.498374,208.9397,10.443722,1.9974998,366.88915,848.56165,FVP,LP,Difuso,ME,NO,UB,P
F.racemosa,20,3.28969,9.1239585,3.2258065,5.1612903,3.8709677,412.93167,20.887444,206.41218,13.054652,2.1851601,335.21744,720.40703,FVP,LP,Difuso,ME,NO,UB,P
F.racemosa,17.431298,3.2258065,11.896186,2.0401791,5.9480932,6.4516129,318.57632,18.276513,261.09305,18.276513,2.412775,303.14915,673.20384,FVP,LP,Difuso,ME,NO,UB,P
F.racemosa,14.852728,3.28969,10.502465,2.6600681,4.1310479,3.8709677,490.86187,21.049994,240.26235,13.054652,3.4786256,369.50893,803.55517,FVP,LP,Difuso,ME,NO,UB,P
F.racemosa,15.497306,3.8709677,6.4837907,3.8709677,2.885249,4.516129,519.58172,26.109305,469.99649,10.443722,2.5318319,374.46605,675.43649,FVP,LP,Difuso,ME,NO,UB,P
F.racemosa,15.537541,3.2258065,10.402913,2.6600681,4.5619792,6.0864394,532.63621,20.887444,261.09305,13.054652,2.357932,299.17663,847.77275,FVP,LP,Difuso,ME,NO,UB,P
F.racemosa,18.064516,4.5619792,9.6774194,2.5806452,3.8709677,4.5619792,316.31075,15.665583,227.15095,13.054652,2.1851601,311.83955,938.04838,FVP,LP,Difuso,ME,NO,UB,P
F.racemosa,19.397802,3.2258065,11.432287,2.5806452,2.5806452,3.2258065,238.29658,15.665583,362.9569,10.765142,2.6701464,299.80258,860.47848,FVP,LP,Difuso,ME,NO,UB,P
F.racemosa,14.964405,2.5806452,9.6774194,3.8709677,4.1310479,4.516129,342.04186,18.276513,336.81003,15.665583,1.7156476,297.52008,702.71661,FVP,LP,Difuso,ME,NO,UB,P
F.racemosa,15.816323,3.2258065,10.986701,2.5806452,4.516129,4.516129,347.26357,21.049994,258.48212,18.276513,2.6331449,381.91943,801.10538,FVP,LP,Difuso,ME,NO,UB,P
F.reticulata,50.012324,2.5638919,13.383908,2.5638919,12.393144,2.0401791,133.2598,29.19109,146.58462,16.512974,1.5556887,235.70032,458.09693,FVP,LP,Difuso,ME,NO,UBT,NO
F.reticulata,50.258167,3.8458378,15.595545,5.1277837,9.6774194,2.3261621,198.85968,28.83867,198.70536,23.642981,2.0619518,209.56974,525.88564,FVP,LP,Difuso,ME,NO,UBT,NO
F.reticulata,46.593048,3.8458378,11.818958,3.8458378,8.3870968,3.2258065,135.99414,26.626371,124.06728,18.276513,1.5556887,164.40571,737.47487,FVP,LP,Difuso,ME,NO,UBT,NO
F.reticulata,46.434057,3.8458378,17.43635,5.2855985,10.581432,1.9354839,295.96944,23.498374,120.35795,18.462066,1.8084513,232.25544,557.1999,FVP,LP,Difuso,ME,NO,UBT,NO
F.reticulata,37.374825,3.8458378,27.042679,4.6221218,8.7751423,1.4426245,151.09597,34.341428,101.96009,15.88167,2.5188812,331.01203,874.07649,FVP,LP,Difuso,ME,NO,UBT,NO
F.reticulata,36.099925,4.053869,22.388223,4.053869,9.6774194,2.3261621,308.48781,26.239526,96.639703,18.462066,2.2875301,237.72375,629.41316,FVP,LP,Difuso,ME,NO,UBT,NO
F.reticulata,36.258906,5.1277837,24.658722,2.8665182,11.414068,2.885249,167.28303,23.498374,180.62658,21.049994,1.3040928,349.36747,639.20377,FVP,LP,Difuso,ME,NO,UBT,NO
F.reticulata,42.381838,5.1277837,21.830753,2.8665182,15.047618,2.6600681,141.37652,23.498374,104.46985,18.462066,2.357932,223.078,517.22585,FVP,LP,Difuso,ME,NO,UBT,NO
F.reticulata,39.491426,2.5638919,23.075027,3.8458378,10.077742,2.6600681,288.88267,26.626371,94.138436,18.462066,1.8619146,311.79582,768.57504,FVP,LP,Difuso,ME,NO,UBT,NO
F.reticulata,47.570386,3.8458378,21.830753,4.053869,8.4118741,3.2258065,282.95789,21.049994,140.99024,13.313185,1.0230146,380.10341,606.67774,FVP,LP,Difuso,ME,NO,UBT,NO
F.reticulata,43.60501,2.5638919,20.511135,2.8665182,7.7955135,2.885249,221.99051,23.642981,140.36028,26.239526,1.9477617,218.19632,566.76227,FVP,LP,Difuso,ME,NO,UBT,NO
F.reticulata,47.066798,3.8458378,17.992969,5.2855985,13.300341,2.3261621,210.49994,19.884254,214.1918,21.049994,2.1701416,224.78277,655.4517,FVP,LP,Difuso,ME,NO,UBT,NO
F.reticulata,43.093218,5.1277837,16.665297,3.6258906,11.896186,2.5806452,127.05336,15.88167,154.39852,18.276513,1.6376223,246.09318,620.85022,FVP,LP,Difuso,ME,NO,UBT,NO
F.reticulata,53.320322,4.053869,12.093854,4.053869,12.409925,3.2258065,99.763513,21.530284,120.21627,10.443722,1.4912872,214.66866,486.90617,FVP,LP,Difuso,ME,NO,UBT,NO
F.reticulata,39.595324,2.5638919,20.065628,3.8458378,12.393144,2.885249,233.09044,22.3078,193.64939,15.88167,1.5345218,279.0888,462.95522,FVP,LP,Difuso,ME,NO,UBT,NO
F.reticulata,43.60501,4.053869,17.855441,2.8665182,10.581432,1.9354839,155.45455,26.239526,321.6111,18.462066,1.2787682,286.92926,879.5852,FVP,LP,Difuso,ME,NO,UBT,NO
F.reticulata,43.60501,4.053869,16.062736,2.8665182,12.393144,2.885249,196.44541,26.626371,18.462066,15.665583,1.5556887,290.90853,530.51734,FVP,LP,Difuso,ME,NO,UBT,NO
F.reticulata,40.53869,3.8458378,15.436673,3.8458378,9.8479597,2.885249,199.27062,20.887444,141.37652,20.887444,1.2787682,316.11082,607.36668,FVP,LP,Difuso,ME,NO,UBT,NO
F.reticulata,39.136111,5.1277837,20.670757,3.8458378,9.3046485,3.2258065,174.28816,15.665583,99.249706,21.049994,1.0544993,323.14193,660.31461,FVP,LP,Difuso,ME,NO,UBT,NO
F.reticulata,40.151725,4.053869,14.616432,4.053869,10.737624,3.8709677,241.91648,26.109305,128.89114,19.007861,1.2787682,221.40212,553.47227,FVP,LP,Difuso,ME,NO,UBT,NO
F.reticulata,30.25501,4.6221218,20.670757,5.7330365,7.7687707,1.9354839,141.08691,15.88167,201.0586,15.665583,1.0230146,249.17283,939.91895,FVP,LP,Difuso,ME,NO,UBT,NO
F.reticulata,35.456873,4.053869,24.758488,4.6221218,8.2115626,3.2258065,138.99374,31.76334,127.96223,18.276513,1.8084513,192.00538,592.87196,FVP,LP,Difuso,ME,NO,UBT,NO
F.reticulata,40.53869,6.4097297,27.042679,2.8665182,9.8479597,2.5806452,143.62491,26.239526,186.27484,18.276513,1.9477617,300.19714,861.08578,FVP,LP,Difuso,ME,NO,UBT,NO
F.reticulata,51.597328,4.053869,26.303331,4.6221218,9.1694648,3.2258065,280.84195,29.19109,107.33433,19.007861,2.200076,228.10927,557.87498,FVP,LP,Difuso,ME,NO,UBT,NO
F.reticulata,45.810513,5.2855985,21.905902,2.8665182,9.3046485,2.885249,193.22649,26.239526,109.69016,18.276513,1.3040928,244.04869,685.63744,FVP,LP,Difuso,ME,NO,UBT,NO
F.reticulata,114.70278,7.8327914,50.22225,7.8327914,15.483871,3.7619044,412.51134,47.079299,192.37792,15.88167,3.1113773,332.86036,913.26788,FVP,LP,Difuso,ME,NO,UBT,NO
F.reticulata,91.977414,5.2218609,49.67634,5.2218609,15.497306,4.516129,440.74248,45.727457,142.09796,29.769187,4.3777971,427.14854,899.16972,FVP,LP,Difuso,ME,NO,UBT,NO
F.reticulata,115.94413,5.838218,70.543456,5.2218609,17.21505,3.2258065,382.85653,32.974538,128.04212,31.439766,4.8660449,243.41939,957.17956,FVP,LP,Difuso,ME,NO,UBT,NO
F.reticulata,108.31429,8.2564871,67.934384,7.8327914,14.193548,3.8709677,486.21857,32.974538,143.62491,15.88167,4.6106643,206.26351,836.82496,FVP,LP,Difuso,ME,NO,UBT,NO
F.reticulata,122.82478,5.2218609,78.327914,5.838218,9.6774194,2.5806452,387.41709,32.974538,117.81055,14.060291,3.8702548,276.86945,954.81734,FVP,LP,Difuso,ME,NO,UBT,NO
F.reticulata,97.552412,7.3848265,52.218609,5.2218609,12.258065,2.5806452,389.08665,47.079299,149.18903,18.276513,5.1405845,263.82028,1131.2348,FVP,LP,Difuso,ME,NO,UBT,NO
F.reticulata,83.590561,7.8327914,70.543456,5.2218609,18.720798,3.2258065,357.78631,52.137323,156.65583,18.276513,4.8660449,275.15293,924.41875,FVP,LP,Difuso,ME,NO,UBT,NO
F.reticulata,83.549775,5.2218609,65.273261,5.2218609,14.193548,2.885249,343.71721,47.079299,149.64527,15.665583,4.6106643,258.11263,1151.388,FVP,LP,Difuso,ME,NO,UBT,NO
F.reticulata,118.53164,7.8327914,50.6951,5.2218609,12.967581,3.6495834,364.96126,40.899881,198.31044,21.049994,4.1239035,284.69919,884.53971,FVP,LP,Difuso,ME,NO,UBT,NO
F.reticulata,149.94108,5.2218609,70.301454,7.8327914,18.076033,2.5806452,484.71105,47.079299,141.08691,15.665583,3.3247973,275.04142,828.68953,FVP,LP,Difuso,ME,NO,UBT,NO
F.reticulata,113.35769,5.2218609,67.783697,5.2218609,13.563739,2.5806452,351.83408,39.336246,254.60254,18.462066,2.5575364,212.38599,1235.4879,FVP,LP,Difuso,ME,NO,UBT,NO
F.reticulata,124.06728,5.2218609,65.325459,5.2218609,13.15876,4.516129,467.4053,38.801034,183.06328,21.049994,4.2179971,239.36694,739.4004,FVP,LP,Difuso,ME,NO,UBT,NO
F.reticulata,100.85089,8.2564871,60.728693,5.2218609,18.064516,3.2258065,481.94223,52.137323,166.1586,28.720235,4.667066,258.58759,1112.5971,FVP,LP,Difuso,ME,NO,UBT,NO
F.reticulata,99.249706,7.8327914,63.149983,7.8327914,16.244746,4.1310479,375.411,52.137323,316.08438,23.642981,4.1633676,253.30063,1053.8567,FVP,LP,Difuso,ME,NO,UBT,NO
F.reticulata,96.745455,5.838218,62.061109,2.6109305,16.14193,3.2258065,525.44808,40.899881,172.32141,23.498374,5.1786165,233.82045,1219.1321,FVP,LP,Difuso,ME,NO,UBT,NO
F.reticulata,127.05336,7.8327914,65.273261,3.6924133,13.670723,3.9243629,365.47654,47.079299,203.88676,26.626371,2.6701464,207.3184,828.61382,FVP,LP,Difuso,ME,NO,UBT,NO
F.reticulata,101.96009,5.2218609,63.203934,5.2218609,13.300341,4.516129,366.79008,40.899881,144.75955,18.462066,5.1722973,237.03453,1232.5225,FVP,LP,Difuso,ME,NO,UBT,NO
F.reticulata,107.84123,5.838218,67.884192,5.838218,14.964405,3.8709677,423.66433,32.974538,203.46839,24.071589,2.7663986,272.33895,941.58597,FVP,LP,Difuso,ME,NO,UBT,NO
F.reticulata,109.65908,5.2218609,31.439766,5.2218609,14.852728,2.885249,335.77781,32.974538,189.44995,18.462066,3.0690437,268.01173,1061.2711,FVP,LP,Difuso,ME,NO,UBT,NO
F.reticulata,88.925087,5.2218609,62.716702,5.2218609,13.609692,3.2258065,321.85114,32.974538,179.26277,19.007861,3.3247973,234.00988,1107.36,FVP,LP,Difuso,ME,NO,UBT,NO
F.reticulata,85.045825,5.2218609,57.677339,5.2218609,16.971544,3.8709677,345.11357,39.336246,143.60118,18.276513,2.81329,254.17378,961.73442,FVP,LP,Difuso,ME,NO,UBT,NO
F.reticulata,100.88468,8.2564871,73.70967,5.2218609,13.685938,3.8709677,381.15968,39.336246,163.96976,21.049994,3.3639139,214.66866,938.04838,FVP,LP,Difuso,ME,NO,UBT,NO
F.reticulata,89.11653,5.2218609,55.815318,7.8327914,15.185293,3.2258065,347.64899,32.974538,139.26322,15.88167,3.4121791,294.52638,962.66887,FVP,LP,Difuso,ME,NO,UBT,NO
F.reticulata,83.590561,5.2218609,66.565927,5.2218609,17.081551,3.2258065,407.20551,32.974538,120.81021,18.276513,3.0796816,274.19743,900.77287,FVP,LP,Difuso,ME,NO,UBT,NO
F.reticulata,72.403319,5.2218609,68.084737,5.2218609,17.467079,2.6600681,362.71992,45.727457,271.90055,24.071589,3.5896734,283.19871,953.6121,FVP,LP,Difuso,ME,NO,UBT,NO
F.rhamnifolia,31.661729,3.8458378,15.436673,5.438836,4.5619792,4.516129,287.27355,21.530284,159.79742,15.352872,2.3159477,489.61038,1010.2353,FVP,L,Difuso,ME,SI,UB,P
F.rhamnifolia,37.374825,4.053869,10.255567,5.2855985,4.516129,7.0967742,267.34959,18.462066,302.13415,7.88167,2.1851601,283.87191,714.08077,FVP,L,Difuso,ME,SI,UB,P
F.rhamnifolia,29.26096,3.8458378,14.94993,4.6221218,3.2258065,5.5498873,258.60077,20.887444,191.96928,12.392019,2.9160401,317.4724,843.22224,FVP,L,Difuso,ME,SI,UB,P
F.rhamnifolia,32.15104,3.8458378,14.101405,2.8665182,2.5806452,5.5498873,215.38198,21.049994,120.697,7.88167,1.8084513,500.56379,1002.0053,FVP,L,Difuso,ME,SI,UB,P
F.rhamnifolia,39.491426,4.6221218,10.335379,4.6221218,3.2258065,5.0388708,228.64656,19.007861,75.14654,8.718112,2.357932,416.76862,950.80129,FVP,L,Difuso,ME,SI,UB,P
F.rhamnifolia,29.289028,5.1277837,13.198441,2.8665182,3.2258065,4.6523242,237.07766,25.714683,101.38044,17.714683,2.1089985,508.21344,1376.2217,FVP,L,Difuso,ME,SI,UB,P
F.rhamnifolia,37.528406,5.438836,12.161607,5.1277837,4.1310479,5.1612903,260.2824,21.049994,197.01557,15.352872,2.357932,500.3254,1214.9743,FVP,L,Difuso,ME,SI,UB,P
F.rhamnifolia,32.15104,4.053869,12.161607,5.1277837,4.913402,3.2258065,340.07307,26.626371,298.4557,16.769461,2.9160401,483.52994,1107.1901,FVP,L,Difuso,ME,SI,UB,P
F.rhamnifolia,28.115269,4.053869,19.057496,3.6258906,3.2258065,4.516129,252.66739,19.884254,252.71728,25.025948,2.1851601,613.04069,972.88859,FVP,L,Difuso,ME,SI,UB,P
F.rhamnifolia,26.95137,5.7330365,17.43635,6.4097297,5.5122605,5.3201363,205.33603,23.352872,136.34329,14.3078,3.2350561,550.77638,1134.2253,FVP,L,Difuso,ME,SI,UB,P
F.rhamnifolia,26.95137,5.1277837,14.503563,5.7330365,3.8709677,6.4837907,261.53653,16.512974,184.20791,15.352872,2.6701464,345.74871,1019.2608,FVP,L,Difuso,ME,SI,UB,P
F.rhamnifolia,33.868614,4.6221218,13.80698,4.6221218,4.5619792,5.9480932,394.14674,15.22421,205.25563,5.313185,2.4262921,513.25873,809.46641,FVP,L,Difuso,ME,SI,UB,P
F.rhamnifolia,27.673409,5.1277837,11.608514,3.8458378,4.6523242,5.5498873,207.07164,18.276513,184.35178,15.352872,2.1089985,554.62456,873.2388,FVP,L,Difuso,ME,SI,UB,P
F.rhamnifolia,33.649555,4.053869,10.877672,1.8129453,5.4743751,5.5122605,360.9511,28.120582,144.43943,20.241531,3.090283,393.90453,1193.5479,FVP,L,Difuso,ME,SI,UB,P
F.rhamnifolia,32.125473,3.8458378,13.198441,5.438836,4.0803583,3.8709677,213.85736,16.512974,221.07014,21.19109,3.2045839,559.15379,1299.9794,FVP,L,Difuso,ME,SI,UB,P
F.rhamnifolia,28.377083,5.1277837,15.436673,5.1277837,4.6523242,3.8709677,321.72766,19.884254,277.75571,15.352872,2.4262921,403.98612,1216.9003,FVP,L,Difuso,ME,SI,UB,P
F.rhamnifolia,36.999189,5.2855985,16.062736,6.4097297,5.8064516,4.0803583,255.51126,13.313185,205.25563,5.313185,2.6701464,476.33562,1282.4575,FVP,L,Difuso,ME,SI,UB,P
F.rhamnifolia,37.703161,6.4097297,13.627272,5.438836,4.6523242,5.2014566,313.39867,21.530284,184.35178,15.352872,2.5188812,450.63329,875.12844,FVP,L,Difuso,ME,SI,UB,P
F.rhamnifolia,33.941319,5.1277837,10.877672,3.8458378,3.28969,3.6495834,368.72403,28.120582,144.43943,20.241531,3.2350561,418.14848,795.71031,FVP,L,Difuso,ME,SI,UB,P
F.rhamnifolia,33.551736,2.8665182,16.665297,3.8458378,4.516129,4.913402,240.71589,19.007861,221.07014,21.19109,2.1089985,284.53153,1059.6937,FVP,L,Difuso,ME,SI,UB,P
F.rhamnifolia,26.95137,5.1277837,16.316508,5.1277837,2.885249,4.516129,282.42738,22.3078,277.75571,7.7977727,3.1634978,507.79074,779.99837,FVP,L,Difuso,ME,SI,UB,P
F.rhamnifolia,33.844344,4.053869,16.062736,3.8458378,3.9243629,5.5122605,206.46171,16.512974,205.86711,14.332591,2.1851601,355.09614,1204.2393,FVP,L,Difuso,ME,SI,UB,P
F.rhamnifolia,32.456279,3.8458378,16.416918,4.053869,2.5806452,6.57938,293.19249,25.714683,197.0197,11.818958,2.357932,450.36091,883.90122,FVP,L,Difuso,ME,SI,UB,P
F.rhamnifolia,28.231931,4.6221218,12.819459,4.6221218,3.28969,3.7619044,284.41171,16.512974,204.89491,14.616432,2.4262921,475.08174,826.87078,FVP,L,Difuso,ME,SI,UB,P
F.rhamnifolia,27.19418,4.053869,10.335379,5.7330365,4.6523242,6.1205374,273.9487,21.530284,204.28443,16.665297,2.5188812,535.46995,930.52847,FVP,L,Difuso,ME,SI,UB,P
F.rotundifolia,26.427992,6.4097297,11.608514,3.8458378,13.198441,7.4749651,200.14106,23.642981,127.50861,10.765142,3.6618348,360.40663,881.69842,FV,LP,Difuso,ME,SI,UB,PN
F.rotundifolia,40.069783,2.5638919,10.335379,3.8458378,12.093854,7.4749651,189.79148,15.88167,167.44595,11.676436,2.8594126,354.02621,925.45866,FV,LP,Difuso,ME,SI,UB,PN
F.rotundifolia,36.258906,3.8458378,11.466073,2.5638919,12.093854,6.9034901,197.22465,18.276513,149.00615,9.4138436,2.0619518,221.92909,809.69886,FV,LP,Difuso,ME,SI,UB,PN
F.rotundifolia,40.720705,3.8458378,12.625703,2.5638919,12.093854,5.7330365,141.85789,15.88167,89.383861,10.765142,2.5575364,300.26835,631.63507,FV,LP,Difuso,ME,SI,UB,PN
F.rotundifolia,30.793398,5.2855985,15.595545,3.8458378,11.466073,7.4749651,253.91886,18.462066,157.19883,16.512974,2.7663986,263.95479,618.82615,FV,LP,Difuso,ME,SI,UB,PN
F.rotundifolia,35.201031,5.2855985,10.335379,2.5638919,12.093854,4.6221218,239.32422,15.88167,132.64452,8.2564871,2.6701464,359.36079,1017.7827,FV,LP,Difuso,ME,SI,UB,PN
F.rotundifolia,35.201031,3.8458378,17.992969,3.8458378,13.198441,10.012318,213.4266,18.462066,177.85017,10.443722,3.121871,321.07058,716.88637,FV,LP,Difuso,ME,SI,UB,PN
F.rotundifolia,37.198528,4.053869,15.436673,5.438836,13.198441,3.6258906,261.05388,18.276513,170.51195,8.2564871,3.0690437,399.11453,782.5944,FV,LP,Difuso,ME,SI,UB,PN
F.rotundifolia,47.431999,2.5638919,10.255567,2.8665182,10.335379,8.107738,155.82684,13.054652,201.38044,13.313185,3.7238292,373.06431,830.63016,FV,LP,Difuso,ME,SI,UB,PN
F.rotundifolia,36.099925,3.8458378,7.6916756,3.6258906,12.625703,5.7330365,202.25866,19.007861,153.88993,14.060291,3.4786256,255.82867,790.56941,FV,LP,Difuso,ME,SI,UB,PN
F.rotundifolia,42.787046,5.1277837,13.073335,4.053869,10.335379,5.1277837,196.67084,20.887444,138.2561,15.88167,2.9160401,281.06582,905.58839,FV,LP,Difuso,ME,SI,UB,PN
F.rotundifolia,34.8727,4.6221218,11.027716,3.6258906,10.335379,7.7977727,242.24032,23.642981,169.08673,10.765142,2.5188812,225.22804,918.31391,FV,LP,Difuso,ME,SI,UB,PN
F.rotundifolia,40.477836,5.1277837,8.5995547,1.8129453,10.571197,7.7977727,219.87693,15.665583,215.5718,13.313185,2.9160401,378.46205,865.54237,FV,LP,Difuso,ME,SI,UB,PN
F.rotundifolia,33.649555,2.8665182,13.198441,3.6258906,15.004792,5.7330365,235.11425,21.049994,142.52907,14.060291,2.5702923,396.38083,952.11989,FV,LP,Difuso,ME,SI,UB,PN
F.rotundifolia,37.198528,5.1277837,8.9736215,1.2819459,14.616432,5.438836,297.29087,16.512974,161.83557,16.512974,2.1851601,271.9919,743.68649,FV,LP,Difuso,ME,SI,UB,PN
F.rotundifolia,45.468437,3.6258906,18.129453,1.8129453,12.819459,6.5366673,243.50339,26.626371,138.77286,11.676436,2.81329,426.81137,926.94868,FV,LP,Difuso,ME,SI,UB,PN
F.rotundifolia,36.258906,5.1277837,17.43635,2.8665182,10.012318,6.4097297,239.02494,18.462066,153.66829,10.443722,3.6618348,384.2195,619.33279,FV,LP,Difuso,ME,SI,UB,PN
F.rotundifolia,44.50033,5.2855985,19.057496,4.6221218,10.335379,3.8458378,288.63479,13.313185,140.36028,13.313185,2.8594126,336.3378,879.5852,FV,LP,Difuso,ME,SI,UB,PN
F.rotundifolia,32.15104,5.1277837,13.80698,3.8458378,10.335379,5.438836,167.09955,15.665583,101.96009,10.765142,2.754551,456.03826,834.2473,FV,LP,Difuso,ME,SI,UB,PN
F.rotundifolia,32.15104,4.053869,5.7330365,3.8458378,14.616432,5.1277837,164.67501,15.665583,266.77526,10.765142,2.9160401,317.46845,809.69886,FV,LP,Difuso,ME,SI,UB,PN
F.rotundifolia,37.724948,4.053869,16.316508,3.8458378,12.690617,5.2855985,161.96189,18.462066,148.18037,13.313185,3.6169027,311.48421,826.33956,FV,LP,Difuso,ME,SI,UB,PN
F.rotundifolia,37.264737,3.8458378,15.856795,3.8458378,10.952951,7.6916756,170.43197,15.665583,198.32763,10.765142,3.8448203,409.91802,733.3806,FV,LP,Difuso,ME,SI,UB,PN
F.rotundifolia,33.330594,3.8458378,13.383908,2.8665182,10.952951,6.9034901,235.69342,18.462066,167.44595,13.313185,3.1113773,355.91123,917.2203,FV,LP,Difuso,ME,SI,UB,PN
F.rotundifolia,36.304202,5.7330365,11.537513,3.8458378,12.819459,6.4097297,227.6905,21.049994,148.61677,15.665583,2.2875301,329.80879,886.71187,FV,LP,Difuso,ME,SI,UB,PN
F.rotundifolia,31.427291,3.8458378,12.625703,5.7330365,12.819459,9.3327073,221.94445,15.88167,177.2743,11.676436,3.1634978,310.94671,866.77357,FV,LP,Difuso,ME,SI,UB,PN
F.tomentosa,27.831812,3.28969,15.697452,2.5806452,6.1205374,1.9354839,157.09038,29.19109,149.00615,8.2564871,3.6618348,248.5025,350.03026,FV,LP,Difuso,E,NO,UB,NO
F.tomentosa,28.343074,3.2258065,15.960409,1.9354839,4.3278735,2.5806452,134.40587,24.071589,126.29997,10.443722,2.412775,218.46555,315.93337,FV,LP,Difuso,E,NO,UB,NO
F.tomentosa,30.839789,4.0803583,10.4229,2.0401791,6.8581586,3.2258065,86.318798,21.049994,157.19883,7.8327914,2.7663986,179.09202,254.76314,FV,LP,Difuso,E,NO,UB,NO
F.tomentosa,25.6933,3.7619044,12.854748,2.6600681,5.8064516,3.8709677,188.00512,20.887444,113.35769,10.443722,2.9160401,172.37764,404.01143,FV,LP,Difuso,E,NO,UB,NO
F.tomentosa,28.649811,3.6495834,8.4118741,3.4742999,4.913402,2.0401791,263.29004,15.88167,140.82092,10.443722,3.090283,180.22172,319.04673,FV,LP,Difuso,E,NO,UB,NO
F.tomentosa,36.180838,5.4743751,15.185293,3.28969,6.1205374,4.3278735,261.21051,15.88167,70.301454,10.765142,2.9160401,212.05261,354.77924,FV,LP,Difuso,E,NO,UB,NO
F.tomentosa,25.194354,2.885249,9.5256923,2.0401791,4.0803583,3.9243629,211.88791,23.642981,182.39176,10.765142,2.412775,146.89333,436.58786,FV,LP,Difuso,E,NO,UB,NO
F.tomentosa,19.874738,3.2258065,11.024521,2.885249,4.516129,2.885249,163.2197,18.276513,117.81055,8.2564871,3.4312951,191.79985,304.98752,FV,LP,Difuso,E,NO,UB,NO
F.tomentosa,31.513999,4.0803583,12.72457,2.6600681,3.8709677,3.2258065,219.84593,16.512974,142.48123,10.765142,2.6331449,228.45989,387.98462,FV,LP,Difuso,E,NO,UB,NO
F.tomentosa,40.971552,3.4742999,11.540996,1.9354839,5.5498873,2.5806452,186.91418,15.88167,132.64452,7.8327914,2.4262921,235.85715,361.37579,FV,LP,Difuso,E,NO,UB,NO
F.tomentosa,32.089884,4.0803583,9.6774194,2.7371875,5.8064516,3.8709677,232.50479,13.313185,76.12105,14.060291,2.9825743,226.90805,327.49229,FV,LP,Difuso,E,NO,UB,NO
F.tomentosa,27.012157,4.6523242,9.2373039,2.5806452,6.9485998,3.7619044,256.48322,13.054652,142.48123,10.443722,2.0619518,296.24048,415.36777,FV,LP,Difuso,E,NO,UB,NO
F.tomentosa,30.650254,4.1310479,12.72457,3.2258065,5.5122605,2.5806452,185.43121,13.313185,122.37997,18.276513,2.5188812,224.74673,288.97705,FV,LP,Difuso,E,NO,UB,NO
F.tomentosa,24.524617,4.1310479,13.424937,2.885249,4.6523242,3.2258065,114.91061,24.631469,98.283413,8.2564871,1.617528,200.39402,305.47886,FV,LP,Difuso,E,NO,UB,NO
F.tomentosa,29.032258,4.1310479,11.540996,3.2258065,4.516129,2.3261621,125.54205,16.512974,170.01147,13.313185,2.754551,236.22615,217.85238,FV,LP,Difuso,E,NO,UB,NO
F.tomentosa,30.432197,5.770498,8.2620958,2.885249,4.6523242,3.4742999,138.08342,24.071589,125.54205,11.676436,2.3017828,170.61925,295.1391,FV,LP,Difuso,E,NO,UB,NO
F.tomentosa,23.448751,2.6600681,9.3936902,1.9354839,5.1612903,3.4742999,160.03534,13.054652,199.52703,13.313185,2.7186985,216.43636,418.73497,FV,LP,Difuso,E,NO,UB,NO
F.tomentosa,19.051385,2.7371875,11.099775,2.3261621,7.8751972,3.6495834,185.54147,23.642981,169.08673,13.054652,3.4312951,210.80119,291.30309,FV,LP,Difuso,E,NO,UB,NO
F.tomentosa,23.386541,3.28969,12.12148,1.4426245,10.581432,2.3261621,189.08978,21.049994,81.776743,10.765142,2.1089985,242.39628,385.03922,FV,LP,Difuso,E,NO,UB,NO
F.tomentosa,23.162998,2.6600681,10.502465,2.6600681,7.7955135,2.3261621,177.56247,15.88167,152.06289,5.838218,1.7156476,192.47982,351.11919,FV,LP,Difuso,E,NO,UB,NO
F.tomentosa,25.16129,4.516129,11.414068,2.3261621,8.2620958,3.7619044,160.86383,15.88167,201.19417,10.443722,2.5188812,193.29772,350.54598,FV,LP,Difuso,E,NO,UB,NO
F.tomentosa,21.944969,2.5806452,10.986701,1.8247917,7.7687707,2.0401791,146.44504,15.88167,139.94685,7.8327914,2.0619518,143.8581,369.18594,FV,LP,Difuso,E,NO,UB,NO
F.tomentosa,18.167907,4.913402,11.267258,4.6523242,11.48677,3.7619044,174.95182,31.331166,142.48123,16.512974,1.7902755,201.79148,331.95802,FV,LP,Difuso,E,NO,UB,NO
F.tomentosa,26.671002,3.2258065,13.716317,3.2258065,8.4118741,4.1310479,234.1846,23.642981,125.5692,10.765142,2.3159477,158.98714,321.6005,FV,LP,Difuso,E,NO,UB,NO
F.tomentosa,30.219454,3.9243629,15.934308,2.6600681,8.2620958,3.6495834,174.30772,15.665583,122.24063,10.765142,2.357932,216.10202,407.18798,FV,LP,Difuso,E,NO,UB,NO
